Run,Exp Setup - Heater,Zone,Total Zones,0 - Action,0 - t - Value,0 - t - Unit,0 - T - Value,0 - T - Unit,1 - Action,1 - t - Value,1 - t - Unit,1 - T - Value,1 - T - Unit,2 - Action,2 - t - Value,2 - t - Unit,2 - T - Value,2 - T - Unit,3 - Action,3 - t - Value,3 - t - Unit,3 - T - Value,3 - T - Unit,4 - Action,4 - t - Value,4 - t - Unit,4 - T - Value,4 - T - Unit,5 - Action,5 - t - Value,5 - t - Unit,5 - T - Value,5 - T - Unit,6 - Action,6 - t - Value,6 - t - Unit,6 - T - Value,6 - T - Unit,7 - Action,7 - t - Value,7 - t - Unit,7 - T - Value,7 - T - Unit,8 - Action,8 - t - Value,8 - t - Unit,8 - T - Value,8 - T - Unit,9 - Action,9 - t - Value,9 - t - Unit,9 - T - Value,9 - T - Unit,10 - Action,10 - t - Value,10 - t - Unit,10 - T - Value,10 - T - Unit,11 - Action,11 - t - Value,11 - t - Unit,11 - T - Value,11 - T - Unit,12 - Action,12 - t - Value,12 - t - Unit,12 - T - Value,12 - T - Unit,13 - Action,13 - t - Value,13 - t - Unit,13 - T - Value,13 - T - Unit,14 - Action,14 - t - Value,14 - t - Unit,14 - T - Value,14 - T - Unit,15 - Action,15 - t - Value,15 - t - Unit,15 - T - Value,15 - T - Unit,16 - Action,16 - t - Value,16 - t - Unit,16 - T - Value,16 - T - Unit,17 - Action,17 - t - Value,17 - t - Unit,17 - T - Value,17 - T - Unit,18 - Action,18 - t - Value,18 - t - Unit,18 - T - Value,18 - T - Unit,19 - Action,19 - t - Value,19 - t - Unit,19 - T - Value,19 - T - Unit,20 - Action,20 - t - Value,20 - t - Unit,20 - T - Value,20 - T - Unit,21 - Action,21 - t - Value,21 - t - Unit,21 - T - Value,21 - T - Unit
111122A,EXP_H_210112_CV1_A1,T1,4,Hold,10,sec,25,C,Ramp,10,C/min,200,C,Ramp,2,C/min,300,C,Hold,6,hr,300,C,Ramp,2,C/min,250,C,Hold,2,hr,250,C,Ramp,20,C/min,25,C,End,,,,,,,,,,,,,,,,,,,,,,,,,,,,,,,,,,,,,,,,,,,,,,,,,,,,,,,,,,,,,,,,,,,,,,,,,,
111122A,EXP_H_210112_CV1_A1,T2,4,Hold,10,sec,25,C,Ramp,10,C/min,200,C,Ramp,2,C/min,300,C,Hold,6,hr,300,C,Ramp,2,C/min,250,C,Hold,2,hr,250,C,Ramp,20,C/min,25,C,End,,,,,,,,,,,,,,,,,,,,,,,,,,,,,,,,,,,,,,,,,,,,,,,,,,,,,,,,,,,,,,,,,,,,,,,,,,
111122A,EXP_H_210112_CV1_A1,B1,4,Hold,10,sec,25,C,Ramp,10,C/min,200,C,Ramp,2,C/min,300,C,Hold,6,hr,300,C,Ramp,2,C/min,250,C,Hold,2,hr,250,C,Ramp,20,C/min,25,C,End,,,,,,,,,,,,,,,,,,,,,,,,,,,,,,,,,,,,,,,,,,,,,,,,,,,,,,,,,,,,,,,,,,,,,,,,,,
111122A,EXP_H_210112_CV1_A1,B2,4,Hold,10,sec,25,C,Ramp,10,C/min,200,C,Ramp,2,C/min,300,C,Hold,6,hr,300,C,Ramp,2,C/min,250,C,Hold,2,hr,250,C,Ramp,20,C/min,25,C,End,,,,,,,,,,,,,,,,,,,,,,,,,,,,,,,,,,,,,,,,,,,,,,,,,,,,,,,,,,,,,,,,,,,,,,,,,,
111122A,EXP_H_210112_CV1_A1,B2,4,Hold,10,sec,25,C,Ramp,10,C/min,200,C,Ramp,2,C/min,300,C,Hold,6,hr,300,C,Ramp,2,C/min,250,C,Hold,2,hr,250,C,End,,,,,,,,,,,,,,,,,,,,,,,,,,,,,,,,,,,,,,,,,,,,,,,,,,,,,,,,,,,,,,,,,,,,,,,,,,,,,,,
220927TA,EXP_H_220927,Z1,1,Hold,10,sec,20,C,Ramp,5,C/min,600,C,Ramp,3,C/min,800,C,Hold,1,hr,800,C,Ramp,3,C/min,1000,C,Hold,4,hr,1000,C,Ramp,5,C/min,10,C,End,,,,,,,,,,,,,,,,,,,,,,,,,,,,,,,,,,,,,,,,,,,,,,,,,,,,,,,,,,,,,,,,,,,,,,,,,,
220928TA,EXP_H_220928,Z1,1,Hold,10,sec,20,C,Ramp,5,C/min,1000,C,Hold,4,hr,1000,C,Ramp,5,C/min,10,C,End,,,,,,,,,,,,,,,,,,,,,,,,,,,,,,,,,,,,,,,,,,,,,,,,,,,,,,,,,,,,,,,,,,,,,,,,,,,,,,,,,,,,,,,,,
221011TA,EXP_H_221011,Z1,1,Hold,10,sec,20,C,Ramp,5,C/min,250,C,Hold,3,hr,250,C,Ramp,5,C/min,400,C,Hold,3,hr,400,C,Ramp,5,C/min,550,C,Hold,3,hr,550,C,Ramp,5,C/min,700,C,Hold,3,hr,700,C,Ramp,5,C/min,850,C,Hold,3,hr,850,C,Ramp,5,C/min,1000,C,Hold,3,hr,1000,C,Ramp,5,C/min,800,C,Hold,3,hr,800,C,Ramp,5,C/min,600,C,Hold,3,hr,600,C,Ramp,5,C/min,400,C,Hold,3,hr,400,C,Ramp,5,C/min,200,C,Hold,3,hr,200,C,End,,,,
221013R,EXP_H_221013_CV2_A2,T1,4,Hold,10,sec,20,C,Ramp,4,C/min,500,C,Hold,10,hr,500,C,Ramp,4,C/min,20,C,End,,,,,,,,,,,,,,,,,,,,,,,,,,,,,,,,,,,,,,,,,,,,,,,,,,,,,,,,,,,,,,,,,,,,,,,,,,,,,,,,,,,,,,,,,
221013R,EXP_H_221013_CV2_A2,T2,4,Hold,10,sec,20,C,Ramp,4,C/min,500,C,Hold,10,hr,500,C,Ramp,4,C/min,20,C,End,,,,,,,,,,,,,,,,,,,,,,,,,,,,,,,,,,,,,,,,,,,,,,,,,,,,,,,,,,,,,,,,,,,,,,,,,,,,,,,,,,,,,,,,,
221013R,EXP_H_221013_CV2_A2,B1,4,Hold,10,sec,20,C,Ramp,4,C/min,500,C,Hold,10,hr,500,C,Ramp,4,C/min,20,C,End,,,,,,,,,,,,,,,,,,,,,,,,,,,,,,,,,,,,,,,,,,,,,,,,,,,,,,,,,,,,,,,,,,,,,,,,,,,,,,,,,,,,,,,,,
221013R,EXP_H_221013_CV2_A2,B2,4,Hold,10,sec,20,C,Ramp,4,C/min,500,C,Hold,10,hr,500,C,Ramp,4,C/min,20,C,End,,,,,,,,,,,,,,,,,,,,,,,,,,,,,,,,,,,,,,,,,,,,,,,,,,,,,,,,,,,,,,,,,,,,,,,,,,,,,,,,,,,,,,,,,
221013TA,EXP_H_221011,Z1,1,Hold,10,sec,20,C,Ramp,5,C/min,400,C,Hold,3,hr,400,C,Ramp,5,C/min,550,C,Hold,3,hr,550,C,Ramp,5,C/min,700,C,Hold,3,hr,700,C,Ramp,5,C/min,850,C,Hold,3,hr,850,C,Ramp,5,C/min,1000,C,Hold,3,hr,1000,C,Ramp,5,C/min,850,C,Hold,3,hr,850,C,Ramp,5,C/min,700,C,Hold,3,hr,700,C,Ramp,5,C/min,550,C,Hold,3,hr,550,C,Ramp,5,C/min,400,C,Hold,3,hr,400,C,Ramp,5,C/min,10,C,End,,,,,,,,,
201017TA,EXP_H_221011,Z1,1,Hold,10,sec,20,C,Ramp,4,C/min,1000,C,Hold,48,hr,1000,C,Ramp,4,C/min,800,C,Hold,2,hr,800,C,Ramp,4,C/min,600,C,Hold,2,hr,600,C,Ramp,4,C/min,400,C,Hold,2,hr,400,C,Ramp,5,C/min,10,C,End,,,,,,,,,,,,,,,,,,,,,,,,,,,,,,,,,,,,,,,,,,,,,,,,,,,,,,,,,,,
201021TA,EXP_H_221011,Z1,1,Hold,10,sec,20,C,Ramp,4,C/min,1000,C,Hold,48,hr,1000,C,Ramp,2,C/min,10,C,End,,,,,,,,,,,,,,,,,,,,,,,,,,,,,,,,,,,,,,,,,,,,,,,,,,,,,,,,,,,,,,,,,,,,,,,,,,,,,,,,,,,,,,,,,
201026TA,EXP_H_221011,Z1,1,Hold,10,sec,20,C,Ramp,4,C/min,1000,C,Hold,28,hr,1000,C,Ramp,2,C/min,10,C,End,,,,,,,,,,,,,,,,,,,,,,,,,,,,,,,,,,,,,,,,,,,,,,,,,,,,,,,,,,,,,,,,,,,,,,,,,,,,,,,,,,,,,,,,,
221102R,EXP_H_221102_CV2_A2,T1,4,Hold,10,sec,20,C,Ramp,2,C/min,300,C,Hold,12,hr,300,C,Ramp,2,C/min,400,C,Hold,12,hr,400,C,Ramp,2,C/min,500,C,Hold,12,hr,500,C,Ramp,2,C/min,600,C,Hold,12,hr,600,C,Ramp,2,C/min,20,C,End,,,,,,,,,,,,,,,,,,,,,,,,,,,,,,,,,,,,,,,,,,,,,,,,,,,,,,,,,,,
221102R,EXP_H_221102_CV2_A2,T2,4,Hold,10,sec,20,C,Ramp,2,C/min,300,C,Hold,12,hr,300,C,Ramp,2,C/min,400,C,Hold,12,hr,400,C,Ramp,2,C/min,500,C,Hold,12,hr,500,C,Ramp,2,C/min,600,C,Hold,12,hr,600,C,Ramp,2,C/min,20,C,End,,,,,,,,,,,,,,,,,,,,,,,,,,,,,,,,,,,,,,,,,,,,,,,,,,,,,,,,,,,
221102R,EXP_H_221102_CV2_A2,B1,4,Hold,10,sec,20,C,Ramp,2,C/min,300,C,Hold,12,hr,300,C,Ramp,2,C/min,400,C,Hold,12,hr,400,C,Ramp,2,C/min,500,C,Hold,12,hr,500,C,Ramp,2,C/min,600,C,Hold,12,hr,600,C,Ramp,2,C/min,20,C,End,,,,,,,,,,,,,,,,,,,,,,,,,,,,,,,,,,,,,,,,,,,,,,,,,,,,,,,,,,,
221102R,EXP_H_221102_CV2_A2,B2,4,Hold,10,sec,20,C,Ramp,2,C/min,300,C,Hold,12,hr,300,C,Ramp,2,C/min,400,C,Hold,12,hr,400,C,Ramp,2,C/min,500,C,Hold,12,hr,500,C,Ramp,2,C/min,600,C,Hold,12,hr,600,C,Ramp,2,C/min,20,C,End,,,,,,,,,,,,,,,,,,,,,,,,,,,,,,,,,,,,,,,,,,,,,,,,,,,,,,,,,,,
221102Q,EXP_H_221103_CV2_A1,T1,4,Hold,10,sec,20,C,Ramp,2,C/min,300,C,Hold,12,hr,300,C,Ramp,2,C/min,500,C,Hold,12,hr,500,C,Ramp,2,C/min,600,C,Hold,12,hr,600,C,Ramp,2,C/min,20,C,End,,,,,,,,,,,,,,,,,,,,,,,,,,,,,,,,,,,,,,,,,,,,,,,,,,,,,,,,,,,,,,,,,,,,,
221102Q,EXP_H_221103_CV2_A1,T2,4,Hold,10,sec,20,C,Ramp,2,C/min,300,C,Hold,12,hr,300,C,Ramp,2,C/min,500,C,Hold,12,hr,500,C,Ramp,2,C/min,600,C,Hold,12,hr,600,C,Ramp,2,C/min,20,C,End,,,,,,,,,,,,,,,,,,,,,,,,,,,,,,,,,,,,,,,,,,,,,,,,,,,,,,,,,,,,,,,,,,,,,
221102Q,EXP_H_221103_CV2_A1,B1,4,Hold,10,sec,20,C,Ramp,2,C/min,300,C,Hold,12,hr,300,C,Ramp,2,C/min,500,C,Hold,12,hr,500,C,Ramp,2,C/min,600,C,Hold,12,hr,600,C,Ramp,2,C/min,20,C,End,,,,,,,,,,,,,,,,,,,,,,,,,,,,,,,,,,,,,,,,,,,,,,,,,,,,,,,,,,,,,,,,,,,,,
221102Q,EXP_H_221103_CV2_A1,B2,4,Hold,10,sec,20,C,Ramp,2,C/min,300,C,Hold,12,hr,300,C,Ramp,2,C/min,500,C,Hold,12,hr,500,C,Ramp,2,C/min,600,C,Hold,12,hr,600,C,Ramp,2,C/min,20,C,End,,,,,,,,,,,,,,,,,,,,,,,,,,,,,,,,,,,,,,,,,,,,,,,,,,,,,,,,,,,,,,,,,,,,,
221104Horiz8x7-8in,EXP_H_221104_CV1_A3,Z1,1,Hold,10,sec,20,C,Ramp,2,C/min,145,C,Hold,6,hr,145,C,Ramp,2,C/min,315,C,Hold,6,hr,315,C,Ramp,2,C/min,490,C,Hold,6,hr,490,C,Ramp,2,C/min,750,C,Hold,4,hr,750,C,Ramp,2,C/min,900,C,Hold,3,hr,900,C,Ramp,2,C/min,1000,C,Hold,6,hr,1000,C,Ramp,2,C/min,10,C,End,,,,,,,,,,,,,,,,,,,,,,,,,,,,,,,,,,,,,,,
221108TB,EXP_H_221011,Z1,1,Hold,10,sec,20,C,Ramp,3.5,C/min,1000,C,Hold,36,hr,1000,C,Ramp,3.5,C/min,10,C,End,,,,,,,,,,,,,,,,,,,,,,,,,,,,,,,,,,,,,,,,,,,,,,,,,,,,,,,,,,,,,,,,,,,,,,,,,,,,,,,,,,,,,,,,,
221109R,EXP_H_221108_CV2_A1,T1,4,Hold,10,sec,20,C,Ramp,2,C/min,300,C,Hold,12,hr,300,C,Ramp,2,C/min,500,C,Hold,12,hr,500,C,Ramp,2,C/min,600,C,Hold,12,hr,600,C,Ramp,2,C/min,20,C,End,,,,,,,,,,,,,,,,,,,,,,,,,,,,,,,,,,,,,,,,,,,,,,,,,,,,,,,,,,,,,,,,,,,,,
221109R,EXP_H_221108_CV2_A1,T2,4,Hold,10,sec,20,C,Ramp,2,C/min,300,C,Hold,12,hr,300,C,Ramp,2,C/min,500,C,Hold,12,hr,500,C,Ramp,2,C/min,600,C,Hold,12,hr,600,C,Ramp,2,C/min,20,C,End,,,,,,,,,,,,,,,,,,,,,,,,,,,,,,,,,,,,,,,,,,,,,,,,,,,,,,,,,,,,,,,,,,,,,
221109R,EXP_H_221108_CV2_A1,B1,4,Hold,10,sec,20,C,Ramp,2,C/min,300,C,Hold,12,hr,300,C,Ramp,2,C/min,500,C,Hold,12,hr,500,C,Ramp,2,C/min,600,C,Hold,12,hr,600,C,Ramp,2,C/min,20,C,End,,,,,,,,,,,,,,,,,,,,,,,,,,,,,,,,,,,,,,,,,,,,,,,,,,,,,,,,,,,,,,,,,,,,,
221109R,EXP_H_221108_CV2_A1,B2,4,Hold,10,sec,20,C,Ramp,2,C/min,300,C,Hold,12,hr,300,C,Ramp,2,C/min,500,C,Hold,12,hr,500,C,Ramp,2,C/min,600,C,Hold,12,hr,600,C,Ramp,2,C/min,20,C,End,,,,,,,,,,,,,,,,,,,,,,,,,,,,,,,,,,,,,,,,,,,,,,,,,,,,,,,,,,,,,,,,,,,,,
221116R,EXP_H_221108_CV2_A1,T1,4,Hold,10,sec,20,C,Ramp,2,C/min,300,C,Hold,12,hr,300,C,Ramp,2,C/min,400,C,Hold,12,hr,400,C,Ramp,2,C/min,500,C,Hold,12,hr,500,C,Ramp,2,C/min,600,C,Hold,12,hr,600,C,Ramp,2,C/min,20,C,End,,,,,,,,,,,,,,,,,,,,,,,,,,,,,,,,,,,,,,,,,,,,,,,,,,,,,,,,,,,
221116R,EXP_H_221108_CV2_A1,T2,4,Hold,10,sec,20,C,Ramp,2,C/min,300,C,Hold,12,hr,300,C,Ramp,2,C/min,400,C,Hold,12,hr,400,C,Ramp,2,C/min,500,C,Hold,12,hr,500,C,Ramp,2,C/min,600,C,Hold,12,hr,600,C,Ramp,2,C/min,20,C,End,,,,,,,,,,,,,,,,,,,,,,,,,,,,,,,,,,,,,,,,,,,,,,,,,,,,,,,,,,,
221116R,EXP_H_221108_CV2_A1,B1,4,Hold,10,sec,20,C,Ramp,2,C/min,300,C,Hold,12,hr,300,C,Ramp,2,C/min,400,C,Hold,12,hr,400,C,Ramp,2,C/min,500,C,Hold,12,hr,500,C,Ramp,2,C/min,600,C,Hold,12,hr,600,C,Ramp,2,C/min,20,C,End,,,,,,,,,,,,,,,,,,,,,,,,,,,,,,,,,,,,,,,,,,,,,,,,,,,,,,,,,,,
221116R,EXP_H_221108_CV2_A1,B2,4,Hold,10,sec,20,C,Ramp,2,C/min,300,C,Hold,12,hr,300,C,Ramp,2,C/min,400,C,Hold,12,hr,400,C,Ramp,2,C/min,500,C,Hold,12,hr,500,C,Ramp,2,C/min,600,C,Hold,12,hr,600,C,Ramp,2,C/min,20,C,End,,,,,,,,,,,,,,,,,,,,,,,,,,,,,,,,,,,,,,,,,,,,,,,,,,,,,,,,,,,
221116Q,EXP_H_221108_CV2_A2,T1,4,Hold,10,sec,20,C,Ramp,2,C/min,300,C,Hold,12,hr,300,C,Ramp,2,C/min,400,C,Hold,12,hr,400,C,Ramp,2,C/min,500,C,Hold,12,hr,500,C,Ramp,2,C/min,600,C,Hold,12,hr,600,C,Ramp,2,C/min,20,C,End,,,,,,,,,,,,,,,,,,,,,,,,,,,,,,,,,,,,,,,,,,,,,,,,,,,,,,,,,,,
221116Q,EXP_H_221108_CV2_A2,T2,4,Hold,10,sec,20,C,Ramp,2,C/min,300,C,Hold,12,hr,300,C,Ramp,2,C/min,400,C,Hold,12,hr,400,C,Ramp,2,C/min,500,C,Hold,12,hr,500,C,Ramp,2,C/min,600,C,Hold,12,hr,600,C,Ramp,2,C/min,20,C,End,,,,,,,,,,,,,,,,,,,,,,,,,,,,,,,,,,,,,,,,,,,,,,,,,,,,,,,,,,,
221116Q,EXP_H_221108_CV2_A2,B1,4,Hold,10,sec,20,C,Ramp,2,C/min,300,C,Hold,12,hr,300,C,Ramp,2,C/min,400,C,Hold,12,hr,400,C,Ramp,2,C/min,500,C,Hold,12,hr,500,C,Ramp,2,C/min,600,C,Hold,12,hr,600,C,Ramp,2,C/min,20,C,End,,,,,,,,,,,,,,,,,,,,,,,,,,,,,,,,,,,,,,,,,,,,,,,,,,,,,,,,,,,
221116Q,EXP_H_221108_CV2_A2,B2,4,Hold,10,sec,20,C,Ramp,2,C/min,300,C,Hold,12,hr,300,C,Ramp,2,C/min,400,C,Hold,12,hr,400,C,Ramp,2,C/min,500,C,Hold,12,hr,500,C,Ramp,2,C/min,600,C,Hold,12,hr,600,C,Ramp,2,C/min,20,C,End,,,,,,,,,,,,,,,,,,,,,,,,,,,,,,,,,,,,,,,,,,,,,,,,,,,,,,,,,,,
221117R,EXP_H_221108_CV2_A1,T1,4,Hold,10,sec,400,C,Hold,4,hr,400,C,Ramp,2,C/min,500,C,Hold,12,hr,500,C,Ramp,2,C/min,600,C,Hold,12,hr,600,C,Ramp,2,C/min,20,C,End,,,,,,,,,,,,,,,,,,,,,,,,,,,,,,,,,,,,,,,,,,,,,,,,,,,,,,,,,,,,,,,,,,,,,,,,,,
221117R,EXP_H_221108_CV2_A1,T2,4,Hold,10,sec,400,C,Hold,4,hr,400,C,Ramp,2,C/min,500,C,Hold,12,hr,500,C,Ramp,2,C/min,600,C,Hold,12,hr,600,C,Ramp,2,C/min,20,C,End,,,,,,,,,,,,,,,,,,,,,,,,,,,,,,,,,,,,,,,,,,,,,,,,,,,,,,,,,,,,,,,,,,,,,,,,,,
221117R,EXP_H_221108_CV2_A1,B1,4,Hold,10,sec,400,C,Hold,4,hr,400,C,Ramp,2,C/min,500,C,Hold,12,hr,500,C,Ramp,2,C/min,600,C,Hold,12,hr,600,C,Ramp,2,C/min,20,C,End,,,,,,,,,,,,,,,,,,,,,,,,,,,,,,,,,,,,,,,,,,,,,,,,,,,,,,,,,,,,,,,,,,,,,,,,,,
221117R,EXP_H_221108_CV2_A1,B2,4,Hold,10,sec,400,C,Hold,4,hr,400,C,Ramp,2,C/min,500,C,Hold,12,hr,500,C,Ramp,2,C/min,600,C,Hold,12,hr,600,C,Ramp,2,C/min,20,C,End,,,,,,,,,,,,,,,,,,,,,,,,,,,,,,,,,,,,,,,,,,,,,,,,,,,,,,,,,,,,,,,,,,,,,,,,,,
221117Q,EXP_H_221108_CV2_A2,T1,4,Hold,10,sec,400,C,Hold,4,hr,400,C,Ramp,2,C/min,500,C,Hold,12,hr,500,C,Ramp,2,C/min,600,C,Hold,12,hr,600,C,Ramp,2,C/min,20,C,End,,,,,,,,,,,,,,,,,,,,,,,,,,,,,,,,,,,,,,,,,,,,,,,,,,,,,,,,,,,,,,,,,,,,,,,,,,
221117Q,EXP_H_221108_CV2_A2,T2,4,Hold,10,sec,400,C,Hold,4,hr,400,C,Ramp,2,C/min,500,C,Hold,12,hr,500,C,Ramp,2,C/min,600,C,Hold,12,hr,600,C,Ramp,2,C/min,20,C,End,,,,,,,,,,,,,,,,,,,,,,,,,,,,,,,,,,,,,,,,,,,,,,,,,,,,,,,,,,,,,,,,,,,,,,,,,,
221117Q,EXP_H_221108_CV2_A2,B1,4,Hold,10,sec,400,C,Hold,4,hr,400,C,Ramp,2,C/min,500,C,Hold,12,hr,500,C,Ramp,2,C/min,600,C,Hold,12,hr,600,C,Ramp,2,C/min,20,C,End,,,,,,,,,,,,,,,,,,,,,,,,,,,,,,,,,,,,,,,,,,,,,,,,,,,,,,,,,,,,,,,,,,,,,,,,,,
221117Q,EXP_H_221108_CV2_A2,B2,4,Hold,10,sec,400,C,Hold,4,hr,400,C,Ramp,2,C/min,500,C,Hold,12,hr,500,C,Ramp,2,C/min,600,C,Hold,12,hr,600,C,Ramp,2,C/min,20,C,End,,,,,,,,,,,,,,,,,,,,,,,,,,,,,,,,,,,,,,,,,,,,,,,,,,,,,,,,,,,,,,,,,,,,,,,,,,
221122R,EXP_H_221108_CV2_A1,T2,4,Hold,10,sec,20,C,Ramp,2,C/min,300,C,Hold,12,hr,300,C,Ramp,2,C/min,400,C,Hold,12,hr,400,C,Ramp,2,C/min,500,C,Hold,12,hr,500,C,Ramp,2,C/min,600,C,Hold,12,hr,600,C,Ramp,2,C/min,20,C,End,,,,,,,,,,,,,,,,,,,,,,,,,,,,,,,,,,,,,,,,,,,,,,,,,,,,,,,,,,,
221122R,EXP_H_221108_CV2_A1,B1,4,Hold,10,sec,20,C,Ramp,2,C/min,300,C,Hold,12,hr,300,C,Ramp,2,C/min,400,C,Hold,12,hr,400,C,Ramp,2,C/min,500,C,Hold,12,hr,500,C,Ramp,2,C/min,600,C,Hold,12,hr,600,C,Ramp,2,C/min,20,C,End,,,,,,,,,,,,,,,,,,,,,,,,,,,,,,,,,,,,,,,,,,,,,,,,,,,,,,,,,,,
221122R,EXP_H_221108_CV2_A1,B2,4,Hold,10,sec,20,C,Ramp,2,C/min,300,C,Hold,12,hr,300,C,Ramp,2,C/min,400,C,Hold,12,hr,400,C,Ramp,2,C/min,500,C,Hold,12,hr,500,C,Ramp,2,C/min,600,C,Hold,12,hr,600,C,Ramp,2,C/min,20,C,End,,,,,,,,,,,,,,,,,,,,,,,,,,,,,,,,,,,,,,,,,,,,,,,,,,,,,,,,,,,
221122Q,EXP_H_221108_CV2_A2,T2,4,Hold,10,sec,20,C,Ramp,2,C/min,300,C,Hold,12,hr,300,C,Ramp,2,C/min,400,C,Hold,12,hr,400,C,Ramp,2,C/min,500,C,Hold,12,hr,500,C,Ramp,2,C/min,600,C,Hold,12,hr,600,C,Ramp,2,C/min,20,C,End,,,,,,,,,,,,,,,,,,,,,,,,,,,,,,,,,,,,,,,,,,,,,,,,,,,,,,,,,,,
221122Q,EXP_H_221108_CV2_A2,B1,4,Hold,10,sec,20,C,Ramp,2,C/min,300,C,Hold,12,hr,300,C,Ramp,2,C/min,400,C,Hold,12,hr,400,C,Ramp,2,C/min,500,C,Hold,12,hr,500,C,Ramp,2,C/min,600,C,Hold,12,hr,600,C,Ramp,2,C/min,20,C,End,,,,,,,,,,,,,,,,,,,,,,,,,,,,,,,,,,,,,,,,,,,,,,,,,,,,,,,,,,,
221122Q,EXP_H_221108_CV2_A2,B2,4,Hold,10,sec,20,C,Ramp,2,C/min,300,C,Hold,12,hr,300,C,Ramp,2,C/min,400,C,Hold,12,hr,400,C,Ramp,2,C/min,500,C,Hold,12,hr,500,C,Ramp,2,C/min,600,C,Hold,12,hr,600,C,Ramp,2,C/min,20,C,End,,,,,,,,,,,,,,,,,,,,,,,,,,,,,,,,,,,,,,,,,,,,,,,,,,,,,,,,,,,
221130P,EXP_H_221130_CV2_A2,T2,3,Hold,10,sec,20,C,Ramp,2,C/min,300,C,Hold,12,hr,300,C,Ramp,2,C/min,500,C,Hold,12,hr,500,C,Ramp,2,C/min,600,C,Hold,12,hr,600,C,Ramp,2,C/min,20,C,End,,,,,,,,,,,,,,,,,,,,,,,,,,,,,,,,,,,,,,,,,,,,,,,,,,,,,,,,,,,,,,,,,,,,,
221130P,EXP_H_221130_CV2_A2,B1,3,Hold,10,sec,20,C,Ramp,2,C/min,300,C,Hold,12,hr,300,C,Ramp,2,C/min,500,C,Hold,12,hr,500,C,Ramp,2,C/min,600,C,Hold,12,hr,600,C,Ramp,2,C/min,20,C,End,,,,,,,,,,,,,,,,,,,,,,,,,,,,,,,,,,,,,,,,,,,,,,,,,,,,,,,,,,,,,,,,,,,,,
221130P,EXP_H_221130_CV2_A2,B2,3,Hold,10,sec,20,C,Ramp,2,C/min,300,C,Hold,12,hr,300,C,Ramp,2,C/min,500,C,Hold,12,hr,500,C,Ramp,2,C/min,600,C,Hold,12,hr,600,C,Ramp,2,C/min,20,C,End,,,,,,,,,,,,,,,,,,,,,,,,,,,,,,,,,,,,,,,,,,,,,,,,,,,,,,,,,,,,,,,,,,,,,
221130A,EXP_H_221130_CV2_A1,T2,3,Hold,10,sec,20,C,Ramp,2,C/min,300,C,Hold,12,hr,300,C,Ramp,2,C/min,500,C,Hold,12,hr,500,C,Ramp,2,C/min,600,C,Hold,12,hr,600,C,Ramp,2,C/min,20,C,End,,,,,,,,,,,,,,,,,,,,,,,,,,,,,,,,,,,,,,,,,,,,,,,,,,,,,,,,,,,,,,,,,,,,,
221130A,EXP_H_221130_CV2_A1,B1,3,Hold,10,sec,20,C,Ramp,2,C/min,300,C,Hold,12,hr,300,C,Ramp,2,C/min,500,C,Hold,12,hr,500,C,Ramp,2,C/min,600,C,Hold,12,hr,600,C,Ramp,2,C/min,20,C,End,,,,,,,,,,,,,,,,,,,,,,,,,,,,,,,,,,,,,,,,,,,,,,,,,,,,,,,,,,,,,,,,,,,,,
221207Q,EXP_H_221208_CV2_A1,T2,3,Hold,10,sec,20,C,Ramp,2,C/min,300,C,Hold,12,hr,300,C,Ramp,2,C/min,400,C,Hold,12,hr,400,C,Ramp,2,C/min,500,C,Hold,12,hr,500,C,Ramp,2,C/min,600,C,Hold,12,hr,600,C,Ramp,2,C/min,20,C,End,,,,,,,,,,,,,,,,,,,,,,,,,,,,,,,,,,,,,,,,,,,,,,,,,,,,,,,,,,,
221207Q,EXP_H_221208_CV2_A1,B1,3,Hold,10,sec,20,C,Ramp,2,C/min,300,C,Hold,12,hr,300,C,Ramp,2,C/min,400,C,Hold,12,hr,400,C,Ramp,2,C/min,500,C,Hold,12,hr,500,C,Ramp,2,C/min,600,C,Hold,12,hr,600,C,Ramp,2,C/min,20,C,End,,,,,,,,,,,,,,,,,,,,,,,,,,,,,,,,,,,,,,,,,,,,,,,,,,,,,,,,,,,
221207Q,EXP_H_221208_CV2_A1,B2,3,Hold,10,sec,20,C,Ramp,2,C/min,300,C,Hold,12,hr,300,C,Ramp,2,C/min,400,C,Hold,12,hr,400,C,Ramp,2,C/min,500,C,Hold,12,hr,500,C,Ramp,2,C/min,600,C,Hold,12,hr,600,C,Ramp,2,C/min,20,C,End,,,,,,,,,,,,,,,,,,,,,,,,,,,,,,,,,,,,,,,,,,,,,,,,,,,,,,,,,,,
221207R,EXP_H_221208_CV2_A2,T2,3,Hold,10,sec,20,C,Ramp,2,C/min,300,C,Hold,12,hr,300,C,Ramp,2,C/min,400,C,Hold,12,hr,400,C,Ramp,2,C/min,500,C,Hold,12,hr,500,C,Ramp,2,C/min,600,C,Hold,12,hr,600,C,Ramp,2,C/min,20,C,End,,,,,,,,,,,,,,,,,,,,,,,,,,,,,,,,,,,,,,,,,,,,,,,,,,,,,,,,,,,
221207R,EXP_H_221208_CV2_A2,B1,3,Hold,10,sec,20,C,Ramp,2,C/min,300,C,Hold,12,hr,300,C,Ramp,2,C/min,400,C,Hold,12,hr,400,C,Ramp,2,C/min,500,C,Hold,12,hr,500,C,Ramp,2,C/min,600,C,Hold,12,hr,600,C,Ramp,2,C/min,20,C,End,,,,,,,,,,,,,,,,,,,,,,,,,,,,,,,,,,,,,,,,,,,,,,,,,,,,,,,,,,,
221207R,EXP_H_221208_CV2_A2,B2,3,Hold,10,sec,20,C,Ramp,2,C/min,300,C,Hold,12,hr,300,C,Ramp,2,C/min,400,C,Hold,12,hr,400,C,Ramp,2,C/min,500,C,Hold,12,hr,500,C,Ramp,2,C/min,600,C,Hold,12,hr,600,C,Ramp,2,C/min,20,C,End,,,,,,,,,,,,,,,,,,,,,,,,,,,,,,,,,,,,,,,,,,,,,,,,,,,,,,,,,,,
221219Horiz8x7-8in,EXP_H_221219_CV1_CVFP_A1,T1,2,Hold,10,sec,20,C,Ramp,3,C/min,150,C,Hold,16,hr,150,C,Ramp,2,C/min,300,C,Hold,6,hr,300,C,Ramp,4,C/min,15,S,End,,,,,,,,,,,,,,,,,,,,,,,,,,,,,,,,,,,,,,,,,,,,,,,,,,,,,,,,,,,,,,,,,,,,,,,,,,,,,,,
221219Horiz8x7-8in,EXP_H_221219_CV1_CVFP_A1,T2,2,Hold,10,sec,20,C,Ramp,3,C/min,150,C,Hold,16,hr,150,C,Ramp,2,C/min,300,C,Hold,6,hr,300,C,Ramp,4,C/min,15,S,End,,,,,,,,,,,,,,,,,,,,,,,,,,,,,,,,,,,,,,,,,,,,,,,,,,,,,,,,,,,,,,,,,,,,,,,,,,,,,,,
221219Horiz8x7-6in,EXP_H_221219_CV1_CVFP_A2,T1,1,Hold,10,sec,20,C,Ramp,2,C/min,300,C,Hold,12,hr,300,C,Ramp,2,C/min,400,C,Hold,12,hr,400,C,Ramp,2,C/min,500,C,Hold,12,hr,500,C,Ramp,2,C/min,600,C,Hold,12,hr,600,C,Ramp,2,C/min,20,C,End,,,,,,,,,,,,,,,,,,,,,,,,,,,,,,,,,,,,,,,,,,,,,,,,,,,,,,,,,,,
221222P,EXP_H_221222_CV2_A2,T2,3,Hold,10,sec,20,C,Ramp,2,C/min,300,C,Hold,12,hr,300,C,Ramp,2,C/min,400,C,Hold,12,hr,400,C,Ramp,2,C/min,500,C,Hold,12,hr,500,C,Ramp,2,C/min,600,C,Hold,12,hr,600,C,Ramp,2,C/min,20,C,End,,,,,,,,,,,,,,,,,,,,,,,,,,,,,,,,,,,,,,,,,,,,,,,,,,,,,,,,,,,
221222P,EXP_H_221222_CV2_A2,B1,3,Hold,10,sec,20,C,Ramp,2,C/min,300,C,Hold,12,hr,300,C,Ramp,2,C/min,400,C,Hold,12,hr,400,C,Ramp,2,C/min,500,C,Hold,12,hr,500,C,Ramp,2,C/min,600,C,Hold,12,hr,600,C,Ramp,2,C/min,20,C,End,,,,,,,,,,,,,,,,,,,,,,,,,,,,,,,,,,,,,,,,,,,,,,,,,,,,,,,,,,,
221222P,EXP_H_221222_CV2_A2,B2,3,Hold,10,sec,20,C,Ramp,2,C/min,300,C,Hold,12,hr,300,C,Ramp,2,C/min,400,C,Hold,12,hr,400,C,Ramp,2,C/min,500,C,Hold,12,hr,500,C,Ramp,2,C/min,600,C,Hold,12,hr,600,C,Ramp,2,C/min,20,C,End,,,,,,,,,,,,,,,,,,,,,,,,,,,,,,,,,,,,,,,,,,,,,,,,,,,,,,,,,,,
221222A,EXP_H_221222_CV2_A1,T2,3,Hold,10,sec,20,C,Ramp,2,C/min,300,C,Hold,12,hr,300,C,Ramp,2,C/min,400,C,Hold,12,hr,400,C,Ramp,2,C/min,500,C,Hold,12,hr,500,C,Ramp,2,C/min,600,C,Hold,12,hr,600,C,Ramp,2,C/min,20,C,End,,,,,,,,,,,,,,,,,,,,,,,,,,,,,,,,,,,,,,,,,,,,,,,,,,,,,,,,,,,
221222A,EXP_H_221222_CV2_A1,B1,3,Hold,10,sec,20,C,Ramp,2,C/min,300,C,Hold,12,hr,300,C,Ramp,2,C/min,400,C,Hold,12,hr,400,C,Ramp,2,C/min,500,C,Hold,12,hr,500,C,Ramp,2,C/min,600,C,Hold,12,hr,600,C,Ramp,2,C/min,20,C,End,,,,,,,,,,,,,,,,,,,,,,,,,,,,,,,,,,,,,,,,,,,,,,,,,,,,,,,,,,,
221221TB,EXP_H_221219_CV1_CVFP_A1,T1,2,Hold,10,sec,20,C,Ramp,4,C/min,800,C,Hold,2,hr,800,C,Ramp,4,C/min,900,C,Hold,2,hr,900,C,Ramp,4,C/min,1000,C,Hold,6,hr,1000,C,Ramp,4,C/min,15,C,End,,,,,,,,,,,,,,,,,,,,,,,,,,,,,,,,,,,,,,,,,,,,,,,,,,,,,,,,,,,,,,,,,,,,,
221221TB,EXP_H_221219_CV1_CVFP_A1,T2,2,Hold,10,sec,20,C,Ramp,4,C/min,800,C,Hold,2,hr,800,C,Ramp,4,C/min,900,C,Hold,2,hr,900,C,Ramp,4,C/min,1000,C,Hold,6,hr,1000,C,Ramp,4,C/min,15,C,End,,,,,,,,,,,,,,,,,,,,,,,,,,,,,,,,,,,,,,,,,,,,,,,,,,,,,,,,,,,,,,,,,,,,,
221221TA,EXP_H_221219_CV1_CVFP_A2,T1,1,Hold,10,sec,20,C,Ramp,4,C/min,800,C,Hold,2,hr,800,C,Ramp,4,C/min,900,C,Hold,2,hr,900,C,Ramp,4,C/min,1000,C,Hold,6,hr,1000,C,Ramp,4,C/min,15,C,End,,,,,,,,,,,,,,,,,,,,,,,,,,,,,,,,,,,,,,,,,,,,,,,,,,,,,,,,,,,,,,,,,,,,,
230104TA,EXP_H_221219_CV1_CVFP_A1,T1,2,Hold,10,sec,20,C,Ramp,4,C/min,900,C,Hold,2,hr,900,C,Ramp,4,C/min,350,C,End,,,,,,,,,,,,,,,,,,,,,,,,,,,,,,,,,,,,,,,,,,,,,,,,,,,,,,,,,,,,,,,,,,,,,,,,,,,,,,,,,,,,,,,,,
230104TA,EXP_H_221219_CV1_CVFP_A1,T2,2,Hold,10,sec,20,C,Ramp,4,C/min,900,C,Hold,2,hr,900,C,Ramp,4,C/min,350,C,End,,,,,,,,,,,,,,,,,,,,,,,,,,,,,,,,,,,,,,,,,,,,,,,,,,,,,,,,,,,,,,,,,,,,,,,,,,,,,,,,,,,,,,,,,
230104TA2,EXP_H_221219_CV1_CVFP_A1,T1,2,Hold,1,sec,850,C,Ramp,4,C/min,300,C,End,,,,,,,,,,,,,,,,,,,,,,,,,,,,,,,,,,,,,,,,,,,,,,,,,,,,,,,,,,,,,,,,,,,,,,,,,,,,,,,,,,,,,,,,,,,,,,,,,,,
230104TA2,EXP_H_221219_CV1_CVFP_A1,T2,2,Hold,1,sec,850,C,Ramp,4,C/min,300,C,End,,,,,,,,,,,,,,,,,,,,,,,,,,,,,,,,,,,,,,,,,,,,,,,,,,,,,,,,,,,,,,,,,,,,,,,,,,,,,,,,,,,,,,,,,,,,,,,,,,,
221229Q,EXP_H_221229_CV2_A1,T2,3,Hold,10,sec,20,C,Ramp,2,C/min,550,C,Hold,96,hr,550,C,Ramp,2,C/min,0,C,End,,,,,,,,,,,,,,,,,,,,,,,,,,,,,,,,,,,,,,,,,,,,,,,,,,,,,,,,,,,,,,,,,,,,,,,,,,,,,,,,,,,,,,,,,
221229Q,EXP_H_221229_CV2_A1,B1,3,Hold,10,sec,20,C,Ramp,2,C/min,550,C,Hold,96,hr,550,C,Ramp,2,C/min,0,C,End,,,,,,,,,,,,,,,,,,,,,,,,,,,,,,,,,,,,,,,,,,,,,,,,,,,,,,,,,,,,,,,,,,,,,,,,,,,,,,,,,,,,,,,,,
221229Q,EXP_H_221229_CV2_A1,B2,3,Hold,10,sec,20,C,Ramp,2,C/min,550,C,Hold,96,hr,550,C,Ramp,2,C/min,0,C,End,,,,,,,,,,,,,,,,,,,,,,,,,,,,,,,,,,,,,,,,,,,,,,,,,,,,,,,,,,,,,,,,,,,,,,,,,,,,,,,,,,,,,,,,,
221229R,EXP_H_221229_CV2_A2,T2,3,Hold,10,sec,20,C,Ramp,2,C/min,500,C,Hold,96,hr,500,C,Ramp,2,C/min,0,C,End,,,,,,,,,,,,,,,,,,,,,,,,,,,,,,,,,,,,,,,,,,,,,,,,,,,,,,,,,,,,,,,,,,,,,,,,,,,,,,,,,,,,,,,,,
221229R,EXP_H_221229_CV2_A2,B1,3,Hold,10,sec,20,C,Ramp,2,C/min,500,C,Hold,96,hr,500,C,Ramp,2,C/min,0,C,End,,,,,,,,,,,,,,,,,,,,,,,,,,,,,,,,,,,,,,,,,,,,,,,,,,,,,,,,,,,,,,,,,,,,,,,,,,,,,,,,,,,,,,,,,
221229R,EXP_H_221229_CV2_A2,B2,3,Hold,10,sec,20,C,Ramp,2,C/min,500,C,Hold,96,hr,500,C,Ramp,2,C/min,0,C,End,,,,,,,,,,,,,,,,,,,,,,,,,,,,,,,,,,,,,,,,,,,,,,,,,,,,,,,,,,,,,,,,,,,,,,,,,,,,,,,,,,,,,,,,,
230113TA,EXP_H_221219_CV1_CVFP_A1,T1,2,Hold,10,sec,20,C,Ramp,4,C/min,900,C,Hold,2,hr,900,C,Ramp,4,C/min,0,C,End,,,,,,,,,,,,,,,,,,,,,,,,,,,,,,,,,,,,,,,,,,,,,,,,,,,,,,,,,,,,,,,,,,,,,,,,,,,,,,,,,,,,,,,,,
230113TA,EXP_H_221219_CV1_CVFP_A1,T2,2,Hold,10,sec,20,C,Ramp,4,C/min,900,C,Hold,2,hr,900,C,Ramp,4,C/min,0,C,End,,,,,,,,,,,,,,,,,,,,,,,,,,,,,,,,,,,,,,,,,,,,,,,,,,,,,,,,,,,,,,,,,,,,,,,,,,,,,,,,,,,,,,,,,
230117TA,EXP_H_221219_CV1_CVFP_A1,T1,2,Hold,10,sec,20,C,Ramp,4,C/min,900,C,Hold,2,hr,900,C,Ramp,4,C/min,0,C,End,,,,,,,,,,,,,,,,,,,,,,,,,,,,,,,,,,,,,,,,,,,,,,,,,,,,,,,,,,,,,,,,,,,,,,,,,,,,,,,,,,,,,,,,,
230117TA,EXP_H_221219_CV1_CVFP_A1,T2,2,Hold,10,sec,20,C,Ramp,4,C/min,900,C,Hold,2,hr,900,C,Ramp,4,C/min,0,C,End,,,,,,,,,,,,,,,,,,,,,,,,,,,,,,,,,,,,,,,,,,,,,,,,,,,,,,,,,,,,,,,,,,,,,,,,,,,,,,,,,,,,,,,,,
230116TB,EXP_H_221219_CV1_CVFP_A2,T1,2,Hold,10,sec,20,C,Ramp,4,C/min,1000,C,Hold,12,hr,1000,C,Ramp,4,C/min,0,C,End,,,,,,,,,,,,,,,,,,,,,,,,,,,,,,,,,,,,,,,,,,,,,,,,,,,,,,,,,,,,,,,,,,,,,,,,,,,,,,,,,,,,,,,,,
230117P,EXP_H_230117_CV2_A1,T2,3,Hold,10,sec,20,C,Ramp,2,C/min,500,C,Hold,48,hr,500,C,Ramp,2,C/min,0,C,End,,,,,,,,,,,,,,,,,,,,,,,,,,,,,,,,,,,,,,,,,,,,,,,,,,,,,,,,,,,,,,,,,,,,,,,,,,,,,,,,,,,,,,,,,
230117P,EXP_H_230117_CV2_A1,B1,3,Hold,10,sec,20,C,Ramp,2,C/min,500,C,Hold,48,hr,500,C,Ramp,2,C/min,0,C,End,,,,,,,,,,,,,,,,,,,,,,,,,,,,,,,,,,,,,,,,,,,,,,,,,,,,,,,,,,,,,,,,,,,,,,,,,,,,,,,,,,,,,,,,,
230117P,EXP_H_230117_CV2_A1,B2,3,Hold,10,sec,20,C,Ramp,2,C/min,500,C,Hold,48,hr,500,C,Ramp,2,C/min,0,C,End,,,,,,,,,,,,,,,,,,,,,,,,,,,,,,,,,,,,,,,,,,,,,,,,,,,,,,,,,,,,,,,,,,,,,,,,,,,,,,,,,,,,,,,,,
230117A,EXP_H_230117_CV2_A2,T2,3,Hold,10,sec,20,C,Ramp,2,C/min,500,C,Hold,48,hr,500,C,Ramp,2,C/min,0,C,End,,,,,,,,,,,,,,,,,,,,,,,,,,,,,,,,,,,,,,,,,,,,,,,,,,,,,,,,,,,,,,,,,,,,,,,,,,,,,,,,,,,,,,,,,
230117A,EXP_H_230117_CV2_A2,B1,3,Hold,10,sec,20,C,Ramp,2,C/min,500,C,Hold,48,hr,500,C,Ramp,2,C/min,0,C,End,,,,,,,,,,,,,,,,,,,,,,,,,,,,,,,,,,,,,,,,,,,,,,,,,,,,,,,,,,,,,,,,,,,,,,,,,,,,,,,,,,,,,,,,,
230124TA,EXP_H_221219_CV1_CVFP_A1,T1,2,Hold,10,sec,20,C,Ramp,4,C/min,900,C,Hold,2,hr,900,C,Ramp,4,C/min,0,C,End,,,,,,,,,,,,,,,,,,,,,,,,,,,,,,,,,,,,,,,,,,,,,,,,,,,,,,,,,,,,,,,,,,,,,,,,,,,,,,,,,,,,,,,,,
230124TA,EXP_H_221219_CV1_CVFP_A1,T2,2,Hold,10,sec,20,C,Ramp,4,C/min,900,C,Hold,2,hr,900,C,Ramp,4,C/min,0,C,End,,,,,,,,,,,,,,,,,,,,,,,,,,,,,,,,,,,,,,,,,,,,,,,,,,,,,,,,,,,,,,,,,,,,,,,,,,,,,,,,,,,,,,,,,
230124TB,EXP_H_221219_CV1_CVFP_A2,T1,2,Hold,10,sec,20,C,Ramp,4,C/min,900,C,Hold,2,hr,900,C,Ramp,4,C/min,0,C,End,,,,,,,,,,,,,,,,,,,,,,,,,,,,,,,,,,,,,,,,,,,,,,,,,,,,,,,,,,,,,,,,,,,,,,,,,,,,,,,,,,,,,,,,,
230130TA,EXP_H_221219_CV1_CVFP_A1,T1,2,Hold,10,sec,20,C,Ramp,4,C/min,800,C,Hold,0.5,hr,800,C,Ramp,1,C/min,820,C,Hold,0.25,hr,820,C,Ramp,1,C/min,840,C,Hold,0.25,hr,840,C,Ramp,1,C/min,860,C,Hold,0.25,hr,860,C,Ramp,1,C/min,880,C,Hold,0.25,hr,880,C,Ramp,1,C/min,900,C,Hold,0.25,hr,900,C,Ramp,5,C/min,1,C,End,,,,,,,,,,,,,,,,,,,,,,,,,,,,,,,,,,,,,,,
230130TA,EXP_H_221219_CV1_CVFP_A1,T2,2,Hold,10,sec,20,C,Ramp,4,C/min,800,C,Hold,0.5,hr,800,C,Ramp,1,C/min,820,C,Hold,0.25,hr,820,C,Ramp,1,C/min,840,C,Hold,0.25,hr,840,C,Ramp,1,C/min,860,C,Hold,0.25,hr,860,C,Ramp,1,C/min,880,C,Hold,0.25,hr,880,C,Ramp,1,C/min,900,C,Hold,0.25,hr,900,C,Ramp,5,C/min,1,C,End,,,,,,,,,,,,,,,,,,,,,,,,,,,,,,,,,,,,,,,
230131TB,EXP_H_221219_CV1_CVFP_A1,T1,2,Hold,10,sec,20,C,Ramp,4,C/min,850,C,Hold,2,hr,850,C,Ramp,4,C/min,1,C,End,,,,,,,,,,,,,,,,,,,,,,,,,,,,,,,,,,,,,,,,,,,,,,,,,,,,,,,,,,,,,,,,,,,,,,,,,,,,,,,,,,,,,,,,,
230131TB,EXP_H_221219_CV1_CVFP_A1,T2,2,Hold,10,sec,20,C,Ramp,4,C/min,850,C,Hold,2,hr,850,C,Ramp,4,C/min,1,C,End,,,,,,,,,,,,,,,,,,,,,,,,,,,,,,,,,,,,,,,,,,,,,,,,,,,,,,,,,,,,,,,,,,,,,,,,,,,,,,,,,,,,,,,,,
230202TA,EXP_H_221219_CV1_CVFP_A1,T1,2,Hold,10,sec,20,C,Ramp,4,C/min,850,C,Hold,2,hr,850,C,Ramp,4,C/min,1,C,End,,,,,,,,,,,,,,,,,,,,,,,,,,,,,,,,,,,,,,,,,,,,,,,,,,,,,,,,,,,,,,,,,,,,,,,,,,,,,,,,,,,,,,,,,
230202TA,EXP_H_221219_CV1_CVFP_A1,T2,2,Hold,10,sec,20,C,Ramp,4,C/min,850,C,Hold,2,hr,850,C,Ramp,4,C/min,1,C,End,,,,,,,,,,,,,,,,,,,,,,,,,,,,,,,,,,,,,,,,,,,,,,,,,,,,,,,,,,,,,,,,,,,,,,,,,,,,,,,,,,,,,,,,,
230203P,EXP_H_230203_CV2_A1,T2,3,Hold,10,sec,20,C,Ramp,2,C/min,450,C,Hold,48,hr,450,C,Ramp,2,C/min,0,C,End,,,,,,,,,,,,,,,,,,,,,,,,,,,,,,,,,,,,,,,,,,,,,,,,,,,,,,,,,,,,,,,,,,,,,,,,,,,,,,,,,,,,,,,,,
230203P,EXP_H_230203_CV2_A1,B1,3,Hold,10,sec,20,C,Ramp,2,C/min,450,C,Hold,48,hr,450,C,Ramp,2,C/min,0,C,End,,,,,,,,,,,,,,,,,,,,,,,,,,,,,,,,,,,,,,,,,,,,,,,,,,,,,,,,,,,,,,,,,,,,,,,,,,,,,,,,,,,,,,,,,
230203P,EXP_H_230203_CV2_A1,B2,3,Hold,10,sec,20,C,Ramp,2,C/min,450,C,Hold,48,hr,450,C,Ramp,2,C/min,0,C,End,,,,,,,,,,,,,,,,,,,,,,,,,,,,,,,,,,,,,,,,,,,,,,,,,,,,,,,,,,,,,,,,,,,,,,,,,,,,,,,,,,,,,,,,,
230203A,EXP_H_230203_CV2_A2,T2,3,Hold,10,sec,20,C,Ramp,2,C/min,450,C,Hold,48,hr,450,C,Ramp,2,C/min,0,C,End,,,,,,,,,,,,,,,,,,,,,,,,,,,,,,,,,,,,,,,,,,,,,,,,,,,,,,,,,,,,,,,,,,,,,,,,,,,,,,,,,,,,,,,,,
230203A,EXP_H_230203_CV2_A2,B1,3,Hold,10,sec,20,C,Ramp,2,C/min,450,C,Hold,48,hr,450,C,Ramp,2,C/min,0,C,End,,,,,,,,,,,,,,,,,,,,,,,,,,,,,,,,,,,,,,,,,,,,,,,,,,,,,,,,,,,,,,,,,,,,,,,,,,,,,,,,,,,,,,,,,
230207TA,EXP_H_221219_CV1_CVFP_A1,T1,2,Hold,10,sec,20,C,Ramp,4,C/min,860,C,Hold,2,hr,860,C,Ramp,4,C/min,400,C,Ramp,50,C/min,1,C,End,,,,,,,,,,,,,,,,,,,,,,,,,,,,,,,,,,,,,,,,,,,,,,,,,,,,,,,,,,,,,,,,,,,,,,,,,,,,,,,,,,,,
230207TA,EXP_H_221219_CV1_CVFP_A1,T2,2,Hold,10,sec,20,C,Ramp,4,C/min,860,C,Hold,2,hr,860,C,Ramp,4,C/min,400,C,Ramp,50,C/min,1,C,End,,,,,,,,,,,,,,,,,,,,,,,,,,,,,,,,,,,,,,,,,,,,,,,,,,,,,,,,,,,,,,,,,,,,,,,,,,,,,,,,,,,,
230207TB,EXP_H_221219_CV1_CVFP_A2,T1,2,Hold,10,sec,20,C,Ramp,4,C/min,860,C,Hold,2,hr,860,C,Ramp,4,C/min,400,C,Ramp,50,C/min,1,C,End,,,,,,,,,,,,,,,,,,,,,,,,,,,,,,,,,,,,,,,,,,,,,,,,,,,,,,,,,,,,,,,,,,,,,,,,,,,,,,,,,,,,
230209TA,EXP_H_221219_CV1_CVFP_A1,T1,2,Hold,10,sec,20,C,Ramp,4,C/min,860,C,Hold,2,hr,860,C,Ramp,4,C/min,400,C,Ramp,50,C/min,1,C,End,,,,,,,,,,,,,,,,,,,,,,,,,,,,,,,,,,,,,,,,,,,,,,,,,,,,,,,,,,,,,,,,,,,,,,,,,,,,,,,,,,,,
230209TA,EXP_H_221219_CV1_CVFP_A1,T2,2,Hold,10,sec,20,C,Ramp,4,C/min,860,C,Hold,2,hr,860,C,Ramp,4,C/min,400,C,Ramp,50,C/min,1,C,End,,,,,,,,,,,,,,,,,,,,,,,,,,,,,,,,,,,,,,,,,,,,,,,,,,,,,,,,,,,,,,,,,,,,,,,,,,,,,,,,,,,,
230209TB,EXP_H_221219_CV1_CVFP_A2,T1,2,Hold,10,sec,20,C,Ramp,4,C/min,860,C,Hold,2,hr,860,C,Ramp,4,C/min,400,C,Ramp,50,C/min,1,C,End,,,,,,,,,,,,,,,,,,,,,,,,,,,,,,,,,,,,,,,,,,,,,,,,,,,,,,,,,,,,,,,,,,,,,,,,,,,,,,,,,,,,
230214Q,EXP_H_230214_CV2_A1,T2,3,Hold,10,sec,20,C,Ramp,2,C/min,550,C,Hold,48,hr,550,C,Ramp,2,C/min,0,C,End,,,,,,,,,,,,,,,,,,,,,,,,,,,,,,,,,,,,,,,,,,,,,,,,,,,,,,,,,,,,,,,,,,,,,,,,,,,,,,,,,,,,,,,,,
230214Q,EXP_H_230214_CV2_A1,B1,3,Hold,10,sec,20,C,Ramp,2,C/min,550,C,Hold,48,hr,550,C,Ramp,2,C/min,0,C,End,,,,,,,,,,,,,,,,,,,,,,,,,,,,,,,,,,,,,,,,,,,,,,,,,,,,,,,,,,,,,,,,,,,,,,,,,,,,,,,,,,,,,,,,,
230214Q,EXP_H_230214_CV2_A1,B2,3,Hold,10,sec,20,C,Ramp,2,C/min,550,C,Hold,48,hr,550,C,Ramp,2,C/min,0,C,End,,,,,,,,,,,,,,,,,,,,,,,,,,,,,,,,,,,,,,,,,,,,,,,,,,,,,,,,,,,,,,,,,,,,,,,,,,,,,,,,,,,,,,,,,
230214R,EXP_H_230214_CV2_A2,T2,3,Hold,10,sec,20,C,Ramp,2,C/min,500,C,Hold,48,hr,500,C,Ramp,2,C/min,0,C,End,,,,,,,,,,,,,,,,,,,,,,,,,,,,,,,,,,,,,,,,,,,,,,,,,,,,,,,,,,,,,,,,,,,,,,,,,,,,,,,,,,,,,,,,,
230214R,EXP_H_230214_CV2_A2,B1,3,Hold,10,sec,20,C,Ramp,2,C/min,500,C,Hold,48,hr,500,C,Ramp,2,C/min,0,C,End,,,,,,,,,,,,,,,,,,,,,,,,,,,,,,,,,,,,,,,,,,,,,,,,,,,,,,,,,,,,,,,,,,,,,,,,,,,,,,,,,,,,,,,,,
230214R,EXP_H_230214_CV2_A2,B2,3,Hold,10,sec,20,C,Ramp,2,C/min,500,C,Hold,48,hr,500,C,Ramp,2,C/min,0,C,End,,,,,,,,,,,,,,,,,,,,,,,,,,,,,,,,,,,,,,,,,,,,,,,,,,,,,,,,,,,,,,,,,,,,,,,,,,,,,,,,,,,,,,,,,
230215TA,EXP_H_221219_CV1_CVFP_A1,T1,2,Hold,10,sec,20,C,Ramp,4,C/min,860,C,Hold,2,hr,860,C,Ramp,4,C/min,400,C,Ramp,50,C/min,1,C,End,,,,,,,,,,,,,,,,,,,,,,,,,,,,,,,,,,,,,,,,,,,,,,,,,,,,,,,,,,,,,,,,,,,,,,,,,,,,,,,,,,,,
230215TA,EXP_H_221219_CV1_CVFP_A1,T2,2,Hold,10,sec,20,C,Ramp,4,C/min,860,C,Hold,2,hr,860,C,Ramp,4,C/min,400,C,Ramp,50,C/min,1,C,End,,,,,,,,,,,,,,,,,,,,,,,,,,,,,,,,,,,,,,,,,,,,,,,,,,,,,,,,,,,,,,,,,,,,,,,,,,,,,,,,,,,,
230215TB,EXP_H_221219_CV1_CVFP_A2,T1,2,Hold,10,sec,20,C,Ramp,4,C/min,860,C,Hold,2,hr,860,C,Ramp,4,C/min,400,C,Ramp,50,C/min,1,C,End,,,,,,,,,,,,,,,,,,,,,,,,,,,,,,,,,,,,,,,,,,,,,,,,,,,,,,,,,,,,,,,,,,,,,,,,,,,,,,,,,,,,
230216P,EXP_H_230217_CV2_A1,T2,3,Hold,10,sec,20,C,Ramp,2,C/min,450,C,Hold,48,hr,450,C,Ramp,2,C/min,0,C,End,,,,,,,,,,,,,,,,,,,,,,,,,,,,,,,,,,,,,,,,,,,,,,,,,,,,,,,,,,,,,,,,,,,,,,,,,,,,,,,,,,,,,,,,,
230216P,EXP_H_230217_CV2_A1,B1,3,Hold,10,sec,20,C,Ramp,2,C/min,450,C,Hold,48,hr,450,C,Ramp,2,C/min,0,C,End,,,,,,,,,,,,,,,,,,,,,,,,,,,,,,,,,,,,,,,,,,,,,,,,,,,,,,,,,,,,,,,,,,,,,,,,,,,,,,,,,,,,,,,,,
230216P,EXP_H_230217_CV2_A1,B2,3,Hold,10,sec,20,C,Ramp,2,C/min,450,C,Hold,48,hr,450,C,Ramp,2,C/min,0,C,End,,,,,,,,,,,,,,,,,,,,,,,,,,,,,,,,,,,,,,,,,,,,,,,,,,,,,,,,,,,,,,,,,,,,,,,,,,,,,,,,,,,,,,,,,
230216A,EXP_H_230217_CV2_A2,T2,3,Hold,10,sec,20,C,Ramp,2,C/min,450,C,Hold,48,hr,450,C,Ramp,2,C/min,0,C,End,,,,,,,,,,,,,,,,,,,,,,,,,,,,,,,,,,,,,,,,,,,,,,,,,,,,,,,,,,,,,,,,,,,,,,,,,,,,,,,,,,,,,,,,,
230216A,EXP_H_230217_CV2_A2,B1,3,Hold,10,sec,20,C,Ramp,2,C/min,450,C,Hold,48,hr,450,C,Ramp,2,C/min,0,C,End,,,,,,,,,,,,,,,,,,,,,,,,,,,,,,,,,,,,,,,,,,,,,,,,,,,,,,,,,,,,,,,,,,,,,,,,,,,,,,,,,,,,,,,,,
230221TA,EXP_H_221219_CV1_CVFP_A1,T1,2,Hold,10,sec,20,C,Ramp,4,C/min,860,C,Hold,2,hr,860,C,Ramp,4,C/min,400,C,Ramp,50,C/min,1,C,End,,,,,,,,,,,,,,,,,,,,,,,,,,,,,,,,,,,,,,,,,,,,,,,,,,,,,,,,,,,,,,,,,,,,,,,,,,,,,,,,,,,,
230221TA,EXP_H_221219_CV1_CVFP_A1,T2,2,Hold,10,sec,20,C,Ramp,4,C/min,860,C,Hold,2,hr,860,C,Ramp,4,C/min,400,C,Ramp,50,C/min,1,C,End,,,,,,,,,,,,,,,,,,,,,,,,,,,,,,,,,,,,,,,,,,,,,,,,,,,,,,,,,,,,,,,,,,,,,,,,,,,,,,,,,,,,
230221TB,EXP_H_221219_CV1_CVFP_A2,T1,2,Hold,10,sec,20,C,Ramp,4,C/min,920,C,Hold,2,hr,920,C,Ramp,4,C/min,400,C,Ramp,50,C/min,1,C,End,,,,,,,,,,,,,,,,,,,,,,,,,,,,,,,,,,,,,,,,,,,,,,,,,,,,,,,,,,,,,,,,,,,,,,,,,,,,,,,,,,,,
230224TA,EXP_H_221219_CV1_CVFP_A1,T1,2,Hold,10,sec,20,C,Ramp,4,C/min,860,C,Hold,2,hr,860,C,Ramp,4,C/min,400,C,Ramp,50,C/min,1,C,End,,,,,,,,,,,,,,,,,,,,,,,,,,,,,,,,,,,,,,,,,,,,,,,,,,,,,,,,,,,,,,,,,,,,,,,,,,,,,,,,,,,,
230224TA,EXP_H_221219_CV1_CVFP_A1,T2,2,Hold,10,sec,20,C,Ramp,4,C/min,860,C,Hold,2,hr,860,C,Ramp,4,C/min,400,C,Ramp,50,C/min,1,C,End,,,,,,,,,,,,,,,,,,,,,,,,,,,,,,,,,,,,,,,,,,,,,,,,,,,,,,,,,,,,,,,,,,,,,,,,,,,,,,,,,,,,
230224TB,EXP_H_221219_CV1_CVFP_A2,T1,2,Hold,10,sec,20,C,Ramp,4,C/min,860,C,Hold,2,hr,860,C,Ramp,4,C/min,400,C,Ramp,50,C/min,1,C,End,,,,,,,,,,,,,,,,,,,,,,,,,,,,,,,,,,,,,,,,,,,,,,,,,,,,,,,,,,,,,,,,,,,,,,,,,,,,,,,,,,,,
230309TA,EXP_H_221219_CV1_CVFP_A1,T1,2,Hold,10,sec,20,C,Ramp,4,C/min,200,C,Hold,1,hr,200,C,Ramp,4,C/min,860,C,Hold,2,hr,860,C,Ramp,4,C/min,400,C,Ramp,50,C/min,1,C,End,,,,,,,,,,,,,,,,,,,,,,,,,,,,,,,,,,,,,,,,,,,,,,,,,,,,,,,,,,,,,,,,,,,,,,,,,,
230309TA,EXP_H_221219_CV1_CVFP_A1,T2,2,Hold,10,sec,20,C,Ramp,4,C/min,200,C,Hold,1,hr,200,C,Ramp,4,C/min,860,C,Hold,2,hr,860,C,Ramp,4,C/min,400,C,Ramp,50,C/min,1,C,End,,,,,,,,,,,,,,,,,,,,,,,,,,,,,,,,,,,,,,,,,,,,,,,,,,,,,,,,,,,,,,,,,,,,,,,,,,
230309TB,EXP_H_221219_CV1_CVFP_A2,T1,2,Hold,10,sec,20,C,Ramp,4,C/min,200,C,Hold,1,hr,200,C,Ramp,4,C/min,860,C,Hold,2,hr,860,C,Ramp,4,C/min,400,C,Ramp,50,C/min,1,C,End,,,,,,,,,,,,,,,,,,,,,,,,,,,,,,,,,,,,,,,,,,,,,,,,,,,,,,,,,,,,,,,,,,,,,,,,,,
230309Q,EXP_H_230310_CV2_A1,T2,3,Hold,10,sec,20,C,Ramp,2,C/min,500,C,Hold,48,hr,500,C,Ramp,2,C/min,0,C,End,,,,,,,,,,,,,,,,,,,,,,,,,,,,,,,,,,,,,,,,,,,,,,,,,,,,,,,,,,,,,,,,,,,,,,,,,,,,,,,,,,,,,,,,,
230309Q,EXP_H_230310_CV2_A1,B1,3,Hold,10,sec,20,C,Ramp,2,C/min,500,C,Hold,48,hr,500,C,Ramp,2,C/min,0,C,End,,,,,,,,,,,,,,,,,,,,,,,,,,,,,,,,,,,,,,,,,,,,,,,,,,,,,,,,,,,,,,,,,,,,,,,,,,,,,,,,,,,,,,,,,
230309Q,EXP_H_230310_CV2_A1,B2,3,Hold,10,sec,20,C,Ramp,2,C/min,500,C,Hold,48,hr,500,C,Ramp,2,C/min,0,C,End,,,,,,,,,,,,,,,,,,,,,,,,,,,,,,,,,,,,,,,,,,,,,,,,,,,,,,,,,,,,,,,,,,,,,,,,,,,,,,,,,,,,,,,,,
230309R,EXP_H_230310_CV2_A2,T2,3,Hold,10,sec,20,C,Ramp,2,C/min,500,C,Hold,48,hr,500,C,Ramp,2,C/min,0,C,End,,,,,,,,,,,,,,,,,,,,,,,,,,,,,,,,,,,,,,,,,,,,,,,,,,,,,,,,,,,,,,,,,,,,,,,,,,,,,,,,,,,,,,,,,
230309R,EXP_H_230310_CV2_A2,B1,3,Hold,10,sec,20,C,Ramp,2,C/min,500,C,Hold,48,hr,500,C,Ramp,2,C/min,0,C,End,,,,,,,,,,,,,,,,,,,,,,,,,,,,,,,,,,,,,,,,,,,,,,,,,,,,,,,,,,,,,,,,,,,,,,,,,,,,,,,,,,,,,,,,,
230309R,EXP_H_230310_CV2_A2,B2,3,Hold,10,sec,20,C,Ramp,2,C/min,500,C,Hold,48,hr,500,C,Ramp,2,C/min,0,C,End,,,,,,,,,,,,,,,,,,,,,,,,,,,,,,,,,,,,,,,,,,,,,,,,,,,,,,,,,,,,,,,,,,,,,,,,,,,,,,,,,,,,,,,,,
230314TA,EXP_H_221219_CV1_CVFP_A1,T1,2,Hold,10,sec,20,C,Ramp,4,C/min,200,C,Hold,1,hr,200,C,Ramp,4,C/min,860,C,Hold,2,hr,860,C,Ramp,4,C/min,400,C,Ramp,50,C/min,1,C,End,,,,,,,,,,,,,,,,,,,,,,,,,,,,,,,,,,,,,,,,,,,,,,,,,,,,,,,,,,,,,,,,,,,,,,,,,,
230314TA,EXP_H_221219_CV1_CVFP_A1,T2,2,Hold,10,sec,20,C,Ramp,4,C/min,200,C,Hold,1,hr,200,C,Ramp,4,C/min,860,C,Hold,2,hr,860,C,Ramp,4,C/min,400,C,Ramp,50,C/min,1,C,End,,,,,,,,,,,,,,,,,,,,,,,,,,,,,,,,,,,,,,,,,,,,,,,,,,,,,,,,,,,,,,,,,,,,,,,,,,
230314TB,EXP_H_221219_CV1_CVFP_A2,T1,2,Hold,10,sec,20,C,Ramp,4,C/min,200,C,Hold,1,hr,200,C,Ramp,4,C/min,860,C,Hold,2,hr,860,C,Ramp,4,C/min,400,C,Ramp,50,C/min,1,C,End,,,,,,,,,,,,,,,,,,,,,,,,,,,,,,,,,,,,,,,,,,,,,,,,,,,,,,,,,,,,,,,,,,,,,,,,,,
230314P,EXP_H_230217_CV2_A1,T2,3,Hold,10,sec,20,C,Ramp,2,C/min,500,C,Hold,48,hr,500,C,Ramp,2,C/min,0,C,End,,,,,,,,,,,,,,,,,,,,,,,,,,,,,,,,,,,,,,,,,,,,,,,,,,,,,,,,,,,,,,,,,,,,,,,,,,,,,,,,,,,,,,,,,
230314P,EXP_H_230217_CV2_A1,B1,3,Hold,10,sec,20,C,Ramp,2,C/min,500,C,Hold,48,hr,500,C,Ramp,2,C/min,0,C,End,,,,,,,,,,,,,,,,,,,,,,,,,,,,,,,,,,,,,,,,,,,,,,,,,,,,,,,,,,,,,,,,,,,,,,,,,,,,,,,,,,,,,,,,,
230314P,EXP_H_230217_CV2_A1,B2,3,Hold,10,sec,20,C,Ramp,2,C/min,500,C,Hold,48,hr,500,C,Ramp,2,C/min,0,C,End,,,,,,,,,,,,,,,,,,,,,,,,,,,,,,,,,,,,,,,,,,,,,,,,,,,,,,,,,,,,,,,,,,,,,,,,,,,,,,,,,,,,,,,,,
230314A,EXP_H_230217_CV2_A2,T2,3,Hold,10,sec,20,C,Ramp,2,C/min,500,C,Hold,48,hr,500,C,Ramp,2,C/min,0,C,End,,,,,,,,,,,,,,,,,,,,,,,,,,,,,,,,,,,,,,,,,,,,,,,,,,,,,,,,,,,,,,,,,,,,,,,,,,,,,,,,,,,,,,,,,
230314A,EXP_H_230217_CV2_A2,B1,3,Hold,10,sec,20,C,Ramp,2,C/min,500,C,Hold,48,hr,500,C,Ramp,2,C/min,0,C,End,,,,,,,,,,,,,,,,,,,,,,,,,,,,,,,,,,,,,,,,,,,,,,,,,,,,,,,,,,,,,,,,,,,,,,,,,,,,,,,,,,,,,,,,,
230317TA,EXP_H_221219_CV1_CVFP_A1,T1,2,Hold,10,sec,20,C,Ramp,4,C/min,200,C,Hold,0.5,hr,200,C,Ramp,4,C/min,860,C,Hold,2,hr,860,C,Ramp,4,C/min,400,C,Ramp,50,C/min,1,C,End,,,,,,,,,,,,,,,,,,,,,,,,,,,,,,,,,,,,,,,,,,,,,,,,,,,,,,,,,,,,,,,,,,,,,,,,,,
230317TA,EXP_H_221219_CV1_CVFP_A1,T2,2,Hold,10,sec,20,C,Ramp,4,C/min,200,C,Hold,0.5,hr,200,C,Ramp,4,C/min,860,C,Hold,2,hr,860,C,Ramp,4,C/min,400,C,Ramp,50,C/min,1,C,End,,,,,,,,,,,,,,,,,,,,,,,,,,,,,,,,,,,,,,,,,,,,,,,,,,,,,,,,,,,,,,,,,,,,,,,,,,
230317TB,EXP_H_221219_CV1_CVFP_A2,T1,2,Hold,10,sec,20,C,Ramp,4,C/min,200,C,Hold,0.5,hr,200,C,Ramp,4,C/min,860,C,Hold,2,hr,860,C,Ramp,4,C/min,400,C,Ramp,50,C/min,1,C,End,,,,,,,,,,,,,,,,,,,,,,,,,,,,,,,,,,,,,,,,,,,,,,,,,,,,,,,,,,,,,,,,,,,,,,,,,,
230321TA,EXP_H_221219_CV1_CVFP_A1,T1,2,Hold,10,sec,20,C,Ramp,4,C/min,200,C,Hold,0.5,hr,200,C,Ramp,4,C/min,920,C,Hold,2,hr,920,C,Ramp,4,C/min,400,C,Ramp,50,C/min,1,C,End,,,,,,,,,,,,,,,,,,,,,,,,,,,,,,,,,,,,,,,,,,,,,,,,,,,,,,,,,,,,,,,,,,,,,,,,,,
230321TA,EXP_H_221219_CV1_CVFP_A1,T2,2,Hold,10,sec,20,C,Ramp,4,C/min,200,C,Hold,0.5,hr,200,C,Ramp,4,C/min,920,C,Hold,2,hr,920,C,Ramp,4,C/min,400,C,Ramp,50,C/min,1,C,End,,,,,,,,,,,,,,,,,,,,,,,,,,,,,,,,,,,,,,,,,,,,,,,,,,,,,,,,,,,,,,,,,,,,,,,,,,
230321TB,EXP_H_221219_CV1_CVFP_A2,T1,2,Hold,10,sec,20,C,Ramp,4,C/min,200,C,Hold,0.5,hr,200,C,Ramp,4,C/min,860,C,Hold,2,hr,860,C,Ramp,4,C/min,400,C,Ramp,50,C/min,1,C,End,,,,,,,,,,,,,,,,,,,,,,,,,,,,,,,,,,,,,,,,,,,,,,,,,,,,,,,,,,,,,,,,,,,,,,,,,,
230323Q,EXP_H_230310_CV2_A1,T2,3,Hold,10,sec,20,C,Ramp,2,C/min,500,C,Hold,48,hr,500,C,Ramp,2,C/min,0,C,End,,,,,,,,,,,,,,,,,,,,,,,,,,,,,,,,,,,,,,,,,,,,,,,,,,,,,,,,,,,,,,,,,,,,,,,,,,,,,,,,,,,,,,,,,
230323Q,EXP_H_230310_CV2_A1,B1,3,Hold,10,sec,20,C,Ramp,2,C/min,500,C,Hold,48,hr,500,C,Ramp,2,C/min,0,C,End,,,,,,,,,,,,,,,,,,,,,,,,,,,,,,,,,,,,,,,,,,,,,,,,,,,,,,,,,,,,,,,,,,,,,,,,,,,,,,,,,,,,,,,,,
230323Q,EXP_H_230310_CV2_A1,B2,3,Hold,10,sec,20,C,Ramp,2,C/min,500,C,Hold,48,hr,500,C,Ramp,2,C/min,0,C,End,,,,,,,,,,,,,,,,,,,,,,,,,,,,,,,,,,,,,,,,,,,,,,,,,,,,,,,,,,,,,,,,,,,,,,,,,,,,,,,,,,,,,,,,,
230323R,EXP_H_230310_CV2_A2,T2,3,Hold,10,sec,20,C,Ramp,2,C/min,500,C,Hold,48,hr,500,C,Ramp,2,C/min,0,C,End,,,,,,,,,,,,,,,,,,,,,,,,,,,,,,,,,,,,,,,,,,,,,,,,,,,,,,,,,,,,,,,,,,,,,,,,,,,,,,,,,,,,,,,,,
230323R,EXP_H_230310_CV2_A2,B1,3,Hold,10,sec,20,C,Ramp,2,C/min,500,C,Hold,48,hr,500,C,Ramp,2,C/min,0,C,End,,,,,,,,,,,,,,,,,,,,,,,,,,,,,,,,,,,,,,,,,,,,,,,,,,,,,,,,,,,,,,,,,,,,,,,,,,,,,,,,,,,,,,,,,
230323R,EXP_H_230310_CV2_A2,B2,3,Hold,10,sec,20,C,Ramp,2,C/min,500,C,Hold,48,hr,500,C,Ramp,2,C/min,0,C,End,,,,,,,,,,,,,,,,,,,,,,,,,,,,,,,,,,,,,,,,,,,,,,,,,,,,,,,,,,,,,,,,,,,,,,,,,,,,,,,,,,,,,,,,,
230324P,EXP_H_230217_CV2_A1,T2,3,Hold,10,sec,20,C,Ramp,2,C/min,550,C,Hold,48,hr,550,C,Ramp,2,C/min,0,C,End,,,,,,,,,,,,,,,,,,,,,,,,,,,,,,,,,,,,,,,,,,,,,,,,,,,,,,,,,,,,,,,,,,,,,,,,,,,,,,,,,,,,,,,,,
230324P,EXP_H_230217_CV2_A1,B1,3,Hold,10,sec,20,C,Ramp,2,C/min,550,C,Hold,48,hr,550,C,Ramp,2,C/min,0,C,End,,,,,,,,,,,,,,,,,,,,,,,,,,,,,,,,,,,,,,,,,,,,,,,,,,,,,,,,,,,,,,,,,,,,,,,,,,,,,,,,,,,,,,,,,
230324P,EXP_H_230217_CV2_A1,B2,3,Hold,10,sec,20,C,Ramp,2,C/min,550,C,Hold,48,hr,550,C,Ramp,2,C/min,0,C,End,,,,,,,,,,,,,,,,,,,,,,,,,,,,,,,,,,,,,,,,,,,,,,,,,,,,,,,,,,,,,,,,,,,,,,,,,,,,,,,,,,,,,,,,,
230324A,EXP_H_230217_CV2_A2,T2,3,Hold,10,sec,20,C,Ramp,2,C/min,550,C,Hold,48,hr,550,C,Ramp,2,C/min,0,C,End,,,,,,,,,,,,,,,,,,,,,,,,,,,,,,,,,,,,,,,,,,,,,,,,,,,,,,,,,,,,,,,,,,,,,,,,,,,,,,,,,,,,,,,,,
230324A,EXP_H_230217_CV2_A2,B1,3,Hold,10,sec,20,C,Ramp,2,C/min,550,C,Hold,48,hr,550,C,Ramp,2,C/min,0,C,End,,,,,,,,,,,,,,,,,,,,,,,,,,,,,,,,,,,,,,,,,,,,,,,,,,,,,,,,,,,,,,,,,,,,,,,,,,,,,,,,,,,,,,,,,
230328TA,EXP_H_221219_CV1_CVFP_A1,T1,2,Hold,10,sec,20,C,Ramp,4,C/min,200,C,Hold,0.5,hr,200,C,Ramp,4,C/min,920,C,Hold,2,hr,920,C,Ramp,4,C/min,400,C,Ramp,50,C/min,1,C,End,,,,,,,,,,,,,,,,,,,,,,,,,,,,,,,,,,,,,,,,,,,,,,,,,,,,,,,,,,,,,,,,,,,,,,,,,,
230328TA,EXP_H_221219_CV1_CVFP_A1,T2,2,Hold,10,sec,20,C,Ramp,4,C/min,200,C,Hold,0.5,hr,200,C,Ramp,4,C/min,920,C,Hold,2,hr,920,C,Ramp,4,C/min,400,C,Ramp,50,C/min,1,C,End,,,,,,,,,,,,,,,,,,,,,,,,,,,,,,,,,,,,,,,,,,,,,,,,,,,,,,,,,,,,,,,,,,,,,,,,,,
230328TB,EXP_H_221219_CV1_CVFP_A2,T1,2,Hold,10,sec,20,C,Ramp,4,C/min,200,C,Hold,0.5,hr,200,C,Ramp,4,C/min,920,C,Hold,2,hr,920,C,Ramp,4,C/min,400,C,Ramp,50,C/min,1,C,End,,,,,,,,,,,,,,,,,,,,,,,,,,,,,,,,,,,,,,,,,,,,,,,,,,,,,,,,,,,,,,,,,,,,,,,,,,
230330TA,EXP_H_221219_CV1_CVFP_A1,T1,2,Hold,10,sec,20,C,Ramp,4,C/min,200,C,Hold,0.5,hr,200,C,Ramp,4,C/min,920,C,Hold,2,hr,920,C,Ramp,4,C/min,400,C,Ramp,50,C/min,1,C,End,,,,,,,,,,,,,,,,,,,,,,,,,,,,,,,,,,,,,,,,,,,,,,,,,,,,,,,,,,,,,,,,,,,,,,,,,,
230330TA,EXP_H_221219_CV1_CVFP_A1,T2,2,Hold,10,sec,20,C,Ramp,4,C/min,200,C,Hold,0.5,hr,200,C,Ramp,4,C/min,920,C,Hold,2,hr,920,C,Ramp,4,C/min,400,C,Ramp,50,C/min,1,C,End,,,,,,,,,,,,,,,,,,,,,,,,,,,,,,,,,,,,,,,,,,,,,,,,,,,,,,,,,,,,,,,,,,,,,,,,,,
230330TB,EXP_H_221219_CV1_CVFP_A2,T1,2,Hold,10,sec,20,C,Ramp,4,C/min,200,C,Hold,0.5,hr,200,C,Ramp,4,C/min,800,C,Hold,12,hr,800,C,Ramp,4,C/min,400,C,Ramp,50,C/min,1,C,End,,,,,,,,,,,,,,,,,,,,,,,,,,,,,,,,,,,,,,,,,,,,,,,,,,,,,,,,,,,,,,,,,,,,,,,,,,
230331Q,EXP_H_230310_CV2_A1,T2,3,Hold,10,sec,20,C,Ramp,2,C/min,500,C,Hold,48,hr,500,C,Ramp,2,C/min,0,C,End,,,,,,,,,,,,,,,,,,,,,,,,,,,,,,,,,,,,,,,,,,,,,,,,,,,,,,,,,,,,,,,,,,,,,,,,,,,,,,,,,,,,,,,,,
230331Q,EXP_H_230310_CV2_A1,B1,3,Hold,10,sec,20,C,Ramp,2,C/min,500,C,Hold,48,hr,500,C,Ramp,2,C/min,0,C,End,,,,,,,,,,,,,,,,,,,,,,,,,,,,,,,,,,,,,,,,,,,,,,,,,,,,,,,,,,,,,,,,,,,,,,,,,,,,,,,,,,,,,,,,,
230331Q,EXP_H_230310_CV2_A1,B2,3,Hold,10,sec,20,C,Ramp,2,C/min,500,C,Hold,48,hr,500,C,Ramp,2,C/min,0,C,End,,,,,,,,,,,,,,,,,,,,,,,,,,,,,,,,,,,,,,,,,,,,,,,,,,,,,,,,,,,,,,,,,,,,,,,,,,,,,,,,,,,,,,,,,
230331R,EXP_H_230310_CV2_A2,T2,3,Hold,10,sec,20,C,Ramp,2,C/min,500,C,Hold,48,hr,500,C,Ramp,2,C/min,0,C,End,,,,,,,,,,,,,,,,,,,,,,,,,,,,,,,,,,,,,,,,,,,,,,,,,,,,,,,,,,,,,,,,,,,,,,,,,,,,,,,,,,,,,,,,,
230331R,EXP_H_230310_CV2_A2,B1,3,Hold,10,sec,20,C,Ramp,2,C/min,500,C,Hold,48,hr,500,C,Ramp,2,C/min,0,C,End,,,,,,,,,,,,,,,,,,,,,,,,,,,,,,,,,,,,,,,,,,,,,,,,,,,,,,,,,,,,,,,,,,,,,,,,,,,,,,,,,,,,,,,,,
230331R,EXP_H_230310_CV2_A2,B2,3,Hold,10,sec,20,C,Ramp,2,C/min,500,C,Hold,48,hr,500,C,Ramp,2,C/min,0,C,End,,,,,,,,,,,,,,,,,,,,,,,,,,,,,,,,,,,,,,,,,,,,,,,,,,,,,,,,,,,,,,,,,,,,,,,,,,,,,,,,,,,,,,,,,
230404TA,EXP_H_221219_CV1_CVFP_A1,T1,2,Hold,10,sec,20,C,Ramp,4,C/min,200,C,Hold,0.5,hr,200,C,Ramp,4,C/min,920,C,Hold,2,hr,920,C,Ramp,4,C/min,400,C,Ramp,50,C/min,1,C,End,,,,,,,,,,,,,,,,,,,,,,,,,,,,,,,,,,,,,,,,,,,,,,,,,,,,,,,,,,,,,,,,,,,,,,,,,,
230404TA,EXP_H_221219_CV1_CVFP_A1,T2,2,Hold,10,sec,20,C,Ramp,4,C/min,200,C,Hold,0.5,hr,200,C,Ramp,4,C/min,920,C,Hold,2,hr,920,C,Ramp,4,C/min,400,C,Ramp,50,C/min,1,C,End,,,,,,,,,,,,,,,,,,,,,,,,,,,,,,,,,,,,,,,,,,,,,,,,,,,,,,,,,,,,,,,,,,,,,,,,,,
230404TB,EXP_H_221219_CV1_CVFP_A2,T1,2,Hold,10,sec,20,C,Ramp,4,C/min,200,C,Hold,0.5,hr,200,C,Ramp,4,C/min,780,C,Hold,12,hr,780,C,Ramp,4,C/min,400,C,Ramp,50,C/min,1,C,End,,,,,,,,,,,,,,,,,,,,,,,,,,,,,,,,,,,,,,,,,,,,,,,,,,,,,,,,,,,,,,,,,,,,,,,,,,
230406P,EXP_H_230217_CV2_A1,T2,3,Hold,10,sec,20,C,Ramp,2,C/min,550,C,Hold,48,hr,550,C,Ramp,2,C/min,0,C,End,,,,,,,,,,,,,,,,,,,,,,,,,,,,,,,,,,,,,,,,,,,,,,,,,,,,,,,,,,,,,,,,,,,,,,,,,,,,,,,,,,,,,,,,,
230406P,EXP_H_230217_CV2_A1,B1,3,Hold,10,sec,20,C,Ramp,2,C/min,550,C,Hold,48,hr,550,C,Ramp,2,C/min,0,C,End,,,,,,,,,,,,,,,,,,,,,,,,,,,,,,,,,,,,,,,,,,,,,,,,,,,,,,,,,,,,,,,,,,,,,,,,,,,,,,,,,,,,,,,,,
230406P,EXP_H_230217_CV2_A1,B2,3,Hold,10,sec,20,C,Ramp,2,C/min,550,C,Hold,48,hr,550,C,Ramp,2,C/min,0,C,End,,,,,,,,,,,,,,,,,,,,,,,,,,,,,,,,,,,,,,,,,,,,,,,,,,,,,,,,,,,,,,,,,,,,,,,,,,,,,,,,,,,,,,,,,
230406A,EXP_H_230217_CV2_A2,T2,3,Hold,10,sec,20,C,Ramp,2,C/min,550,C,Hold,48,hr,550,C,Ramp,2,C/min,0,C,End,,,,,,,,,,,,,,,,,,,,,,,,,,,,,,,,,,,,,,,,,,,,,,,,,,,,,,,,,,,,,,,,,,,,,,,,,,,,,,,,,,,,,,,,,
230406A,EXP_H_230217_CV2_A2,B1,3,Hold,10,sec,20,C,Ramp,2,C/min,550,C,Hold,48,hr,550,C,Ramp,2,C/min,0,C,End,,,,,,,,,,,,,,,,,,,,,,,,,,,,,,,,,,,,,,,,,,,,,,,,,,,,,,,,,,,,,,,,,,,,,,,,,,,,,,,,,,,,,,,,,
230410Q,EXP_H_230310_CV2_A1,T2,3,Hold,10,sec,20,C,Ramp,4,C/min,550,C,Hold,48,hr,550,C,Ramp,4,C/min,0,C,End,,,,,,,,,,,,,,,,,,,,,,,,,,,,,,,,,,,,,,,,,,,,,,,,,,,,,,,,,,,,,,,,,,,,,,,,,,,,,,,,,,,,,,,,,
230410Q,EXP_H_230310_CV2_A1,B1,3,Hold,10,sec,20,C,Ramp,4,C/min,550,C,Hold,48,hr,550,C,Ramp,4,C/min,0,C,End,,,,,,,,,,,,,,,,,,,,,,,,,,,,,,,,,,,,,,,,,,,,,,,,,,,,,,,,,,,,,,,,,,,,,,,,,,,,,,,,,,,,,,,,,
230410Q,EXP_H_230310_CV2_A1,B2,3,Hold,10,sec,20,C,Ramp,4,C/min,550,C,Hold,48,hr,550,C,Ramp,4,C/min,0,C,End,,,,,,,,,,,,,,,,,,,,,,,,,,,,,,,,,,,,,,,,,,,,,,,,,,,,,,,,,,,,,,,,,,,,,,,,,,,,,,,,,,,,,,,,,
230410R,EXP_H_230310_CV2_A2,T2,3,Hold,10,sec,20,C,Ramp,4,C/min,550,C,Hold,48,hr,550,C,Ramp,4,C/min,0,C,End,,,,,,,,,,,,,,,,,,,,,,,,,,,,,,,,,,,,,,,,,,,,,,,,,,,,,,,,,,,,,,,,,,,,,,,,,,,,,,,,,,,,,,,,,
230410R,EXP_H_230310_CV2_A2,B1,3,Hold,10,sec,20,C,Ramp,4,C/min,550,C,Hold,48,hr,550,C,Ramp,4,C/min,0,C,End,,,,,,,,,,,,,,,,,,,,,,,,,,,,,,,,,,,,,,,,,,,,,,,,,,,,,,,,,,,,,,,,,,,,,,,,,,,,,,,,,,,,,,,,,
230410R,EXP_H_230310_CV2_A2,B2,3,Hold,10,sec,20,C,Ramp,4,C/min,550,C,Hold,48,hr,550,C,Ramp,4,C/min,0,C,End,,,,,,,,,,,,,,,,,,,,,,,,,,,,,,,,,,,,,,,,,,,,,,,,,,,,,,,,,,,,,,,,,,,,,,,,,,,,,,,,,,,,,,,,,
230413TA,EXP_H_221219_CV1_CVFP_A1,T1,2,Hold,10,sec,20,C,Ramp,4,C/min,200,C,Hold,0.5,hr,200,C,Ramp,4,C/min,860,C,Hold,2,hr,860,C,Ramp,4,C/min,400,C,Ramp,50,C/min,1,C,End,,,,,,,,,,,,,,,,,,,,,,,,,,,,,,,,,,,,,,,,,,,,,,,,,,,,,,,,,,,,,,,,,,,,,,,,,,
230413TA,EXP_H_221219_CV1_CVFP_A1,T2,2,Hold,10,sec,20,C,Ramp,4,C/min,200,C,Hold,0.5,hr,200,C,Ramp,4,C/min,860,C,Hold,2,hr,860,C,Ramp,4,C/min,400,C,Ramp,50,C/min,1,C,End,,,,,,,,,,,,,,,,,,,,,,,,,,,,,,,,,,,,,,,,,,,,,,,,,,,,,,,,,,,,,,,,,,,,,,,,,,
230413TB,EXP_H_221219_CV1_CVFP_A2,T1,2,Hold,10,sec,20,C,Ramp,4,C/min,200,C,Hold,0.5,hr,200,C,Ramp,4,C/min,860,C,Hold,2,hr,860,C,Ramp,4,C/min,400,C,Ramp,50,C/min,1,C,End,,,,,,,,,,,,,,,,,,,,,,,,,,,,,,,,,,,,,,,,,,,,,,,,,,,,,,,,,,,,,,,,,,,,,,,,,,
230420TA,EXP_H_221219_CV1_CVFP_A1,T1,2,Hold,10,sec,20,C,Ramp,4,C/min,200,C,Hold,0.5,hr,200,C,Ramp,4,C/min,780,C,Hold,12,hr,780,C,Ramp,4,C/min,400,C,Ramp,50,C/min,1,C,End,,,,,,,,,,,,,,,,,,,,,,,,,,,,,,,,,,,,,,,,,,,,,,,,,,,,,,,,,,,,,,,,,,,,,,,,,,
230420TA,EXP_H_221219_CV1_CVFP_A1,T2,2,Hold,10,sec,20,C,Ramp,4,C/min,200,C,Hold,0.5,hr,200,C,Ramp,4,C/min,780,C,Hold,12,hr,780,C,Ramp,4,C/min,400,C,Ramp,50,C/min,1,C,End,,,,,,,,,,,,,,,,,,,,,,,,,,,,,,,,,,,,,,,,,,,,,,,,,,,,,,,,,,,,,,,,,,,,,,,,,,
230420TB,EXP_H_221219_CV1_CVFP_A2,T1,2,Hold,10,sec,20,C,Ramp,4,C/min,200,C,Hold,0.5,hr,200,C,Ramp,4,C/min,780,C,Hold,12,hr,780,C,Ramp,4,C/min,300,C,Ramp,50,C/min,1,C,End,,,,,,,,,,,,,,,,,,,,,,,,,,,,,,,,,,,,,,,,,,,,,,,,,,,,,,,,,,,,,,,,,,,,,,,,,,
230425TA,EXP_H_221219_CV1_CVFP_A1,T1,2,Hold,10,sec,20,C,Ramp,4,C/min,200,C,Hold,0.5,hr,200,C,Ramp,4,C/min,860,C,Hold,2,hr,860,C,Ramp,4,C/min,400,C,Ramp,50,C/min,1,C,End,,,,,,,,,,,,,,,,,,,,,,,,,,,,,,,,,,,,,,,,,,,,,,,,,,,,,,,,,,,,,,,,,,,,,,,,,,
230425TA,EXP_H_221219_CV1_CVFP_A1,T2,2,Hold,10,sec,20,C,Ramp,4,C/min,200,C,Hold,0.5,hr,200,C,Ramp,4,C/min,860,C,Hold,2,hr,860,C,Ramp,4,C/min,400,C,Ramp,50,C/min,1,C,End,,,,,,,,,,,,,,,,,,,,,,,,,,,,,,,,,,,,,,,,,,,,,,,,,,,,,,,,,,,,,,,,,,,,,,,,,,
230425TB,EXP_H_221219_CV1_CVFP_A2,T1,2,Hold,10,sec,20,C,Ramp,4,C/min,200,C,Hold,0.5,hr,200,C,Ramp,4,C/min,780,C,Hold,12,hr,780,C,Ramp,4,C/min,300,C,Ramp,50,C/min,1,C,End,,,,,,,,,,,,,,,,,,,,,,,,,,,,,,,,,,,,,,,,,,,,,,,,,,,,,,,,,,,,,,,,,,,,,,,,,,
230421Q,EXP_H_230310_CV2_A1,T2,3,Hold,10,sec,20,C,Ramp,4,C/min,550,C,Hold,48,hr,550,C,Ramp,4,C/min,0,C,End,,,,,,,,,,,,,,,,,,,,,,,,,,,,,,,,,,,,,,,,,,,,,,,,,,,,,,,,,,,,,,,,,,,,,,,,,,,,,,,,,,,,,,,,,
230421Q,EXP_H_230310_CV2_A1,B1,3,Hold,10,sec,20,C,Ramp,4,C/min,550,C,Hold,48,hr,550,C,Ramp,4,C/min,0,C,End,,,,,,,,,,,,,,,,,,,,,,,,,,,,,,,,,,,,,,,,,,,,,,,,,,,,,,,,,,,,,,,,,,,,,,,,,,,,,,,,,,,,,,,,,
230421Q,EXP_H_230310_CV2_A1,B2,3,Hold,10,sec,20,C,Ramp,4,C/min,550,C,Hold,48,hr,550,C,Ramp,4,C/min,0,C,End,,,,,,,,,,,,,,,,,,,,,,,,,,,,,,,,,,,,,,,,,,,,,,,,,,,,,,,,,,,,,,,,,,,,,,,,,,,,,,,,,,,,,,,,,
230421R,EXP_H_230310_CV2_A2,T2,3,Hold,10,sec,20,C,Ramp,4,C/min,500,C,Hold,47,hr,500,C,Ramp,4,C/min,0,C,End,,,,,,,,,,,,,,,,,,,,,,,,,,,,,,,,,,,,,,,,,,,,,,,,,,,,,,,,,,,,,,,,,,,,,,,,,,,,,,,,,,,,,,,,,
230421R,EXP_H_230310_CV2_A2,B1,3,Hold,10,sec,20,C,Ramp,4,C/min,500,C,Hold,47,hr,500,C,Ramp,4,C/min,0,C,End,,,,,,,,,,,,,,,,,,,,,,,,,,,,,,,,,,,,,,,,,,,,,,,,,,,,,,,,,,,,,,,,,,,,,,,,,,,,,,,,,,,,,,,,,
230421R,EXP_H_230310_CV2_A2,B2,3,Hold,10,sec,20,C,Ramp,4,C/min,500,C,Hold,47,hr,500,C,Ramp,4,C/min,0,C,End,,,,,,,,,,,,,,,,,,,,,,,,,,,,,,,,,,,,,,,,,,,,,,,,,,,,,,,,,,,,,,,,,,,,,,,,,,,,,,,,,,,,,,,,,
230421Qb,EXP_H_230310_CV2_A1,T2,3,Hold,10,sec,545,C,Ramp,4,C/min,550,C,Hold,47,hr,550,C,Ramp,4,C/min,0,C,End,,,,,,,,,,,,,,,,,,,,,,,,,,,,,,,,,,,,,,,,,,,,,,,,,,,,,,,,,,,,,,,,,,,,,,,,,,,,,,,,,,,,,,,,,
230421Qb,EXP_H_230310_CV2_A1,B1,3,Hold,10,sec,545,C,Ramp,4,C/min,550,C,Hold,47,hr,550,C,Ramp,4,C/min,0,C,End,,,,,,,,,,,,,,,,,,,,,,,,,,,,,,,,,,,,,,,,,,,,,,,,,,,,,,,,,,,,,,,,,,,,,,,,,,,,,,,,,,,,,,,,,
230421Qb,EXP_H_230310_CV2_A1,B2,3,Hold,10,sec,545,C,Ramp,4,C/min,550,C,Hold,47,hr,550,C,Ramp,4,C/min,0,C,End,,,,,,,,,,,,,,,,,,,,,,,,,,,,,,,,,,,,,,,,,,,,,,,,,,,,,,,,,,,,,,,,,,,,,,,,,,,,,,,,,,,,,,,,,
230421Rb,EXP_H_230310_CV2_A2,T1,3,Hold,10,sec,205,C,Ramp,4,C/min,500,C,Hold,45.75,hr,500,C,Ramp,4,C/min,0,C,End,,,,,,,,,,,,,,,,,,,,,,,,,,,,,,,,,,,,,,,,,,,,,,,,,,,,,,,,,,,,,,,,,,,,,,,,,,,,,,,,,,,,,,,,,
230421Rb,EXP_H_230310_CV2_A2,B1,3,Hold,10,sec,495,C,Ramp,4,C/min,500,C,Hold,47,hr,500,C,Ramp,4,C/min,0,C,End,,,,,,,,,,,,,,,,,,,,,,,,,,,,,,,,,,,,,,,,,,,,,,,,,,,,,,,,,,,,,,,,,,,,,,,,,,,,,,,,,,,,,,,,,
230421Rb,EXP_H_230310_CV2_A2,B2,3,Hold,10,sec,495,C,Ramp,4,C/min,500,C,Hold,47,hr,500,C,Ramp,4,C/min,0,C,End,,,,,,,,,,,,,,,,,,,,,,,,,,,,,,,,,,,,,,,,,,,,,,,,,,,,,,,,,,,,,,,,,,,,,,,,,,,,,,,,,,,,,,,,,
230425TA,EXP_H_221219_CV1_CVFP_A1,T1,2,Hold,10,sec,20,C,Ramp,4,C/min,200,C,Hold,0.5,hr,200,C,Ramp,4,C/min,860,C,Hold,2,hr,860,C,Ramp,4,C/min,400,C,Ramp,50,C/min,1,C,End,,,,,,,,,,,,,,,,,,,,,,,,,,,,,,,,,,,,,,,,,,,,,,,,,,,,,,,,,,,,,,,,,,,,,,,,,,
230425TA,EXP_H_221219_CV1_CVFP_A1,T2,2,Hold,10,sec,20,C,Ramp,4,C/min,200,C,Hold,0.5,hr,200,C,Ramp,4,C/min,860,C,Hold,2,hr,860,C,Ramp,4,C/min,400,C,Ramp,50,C/min,1,C,End,,,,,,,,,,,,,,,,,,,,,,,,,,,,,,,,,,,,,,,,,,,,,,,,,,,,,,,,,,,,,,,,,,,,,,,,,,
230425TB,EXP_H_221219_CV1_CVFP_A2,T1,2,Hold,10,sec,20,C,Ramp,4,C/min,200,C,Hold,0.5,hr,200,C,Ramp,4,C/min,780,C,Hold,12,hr,780,C,Ramp,4,C/min,300,C,Ramp,50,C/min,1,C,End,,,,,,,,,,,,,,,,,,,,,,,,,,,,,,,,,,,,,,,,,,,,,,,,,,,,,,,,,,,,,,,,,,,,,,,,,,
230427A,EXP_H_230428_CV2_A2,T2,2,Hold,10,sec,20,C,Ramp,4,C/min,450,C,Hold,48,hr,450,C,Ramp,4,C/min,0,C,End,,,,,,,,,,,,,,,,,,,,,,,,,,,,,,,,,,,,,,,,,,,,,,,,,,,,,,,,,,,,,,,,,,,,,,,,,,,,,,,,,,,,,,,,,
230427A,EXP_H_230428_CV2_A2,B1,2,Hold,10,sec,20,C,Ramp,4,C/min,450,C,Hold,48,hr,450,C,Ramp,4,C/min,0,C,End,,,,,,,,,,,,,,,,,,,,,,,,,,,,,,,,,,,,,,,,,,,,,,,,,,,,,,,,,,,,,,,,,,,,,,,,,,,,,,,,,,,,,,,,,
230428TA,EXP_H_221219_CV1_CVFP_A1,T1,2,Hold,10,sec,20,C,Ramp,4,C/min,200,C,Hold,0.5,hr,200,C,Ramp,4,C/min,920,C,Hold,2,hr,920,C,Ramp,4,C/min,400,C,Ramp,50,C/min,1,C,End,,,,,,,,,,,,,,,,,,,,,,,,,,,,,,,,,,,,,,,,,,,,,,,,,,,,,,,,,,,,,,,,,,,,,,,,,,
230428TA,EXP_H_221219_CV1_CVFP_A1,T2,2,Hold,10,sec,20,C,Ramp,4,C/min,200,C,Hold,0.5,hr,200,C,Ramp,4,C/min,920,C,Hold,2,hr,920,C,Ramp,4,C/min,400,C,Ramp,50,C/min,1,C,End,,,,,,,,,,,,,,,,,,,,,,,,,,,,,,,,,,,,,,,,,,,,,,,,,,,,,,,,,,,,,,,,,,,,,,,,,,
230428TB,EXP_H_221219_CV1_CVFP_A2,T1,2,Hold,10,sec,20,C,Ramp,4,C/min,200,C,Hold,0.5,hr,200,C,Ramp,4,C/min,880,C,Hold,2,hr,880,C,Ramp,4,C/min,300,C,Ramp,50,C/min,1,C,End,,,,,,,,,,,,,,,,,,,,,,,,,,,,,,,,,,,,,,,,,,,,,,,,,,,,,,,,,,,,,,,,,,,,,,,,,,
230428TA2,EXP_H_221219_CV1_CVFP_A1,T1,2,Hold,10,sec,20,C,Ramp,4,C/min,200,C,Hold,0.25,hr,200,C,Ramp,4,C/min,920,C,Hold,2,hr,920,C,Ramp,4,C/min,400,C,Ramp,50,C/min,1,C,End,,,,,,,,,,,,,,,,,,,,,,,,,,,,,,,,,,,,,,,,,,,,,,,,,,,,,,,,,,,,,,,,,,,,,,,,,,
230428TA2,EXP_H_221219_CV1_CVFP_A1,T2,2,Hold,10,sec,20,C,Ramp,4,C/min,200,C,Hold,0.25,hr,200,C,Ramp,4,C/min,920,C,Hold,2,hr,920,C,Ramp,4,C/min,400,C,Ramp,50,C/min,1,C,End,,,,,,,,,,,,,,,,,,,,,,,,,,,,,,,,,,,,,,,,,,,,,,,,,,,,,,,,,,,,,,,,,,,,,,,,,,
230428TB2,EXP_H_221219_CV1_CVFP_A2,T1,2,Hold,10,sec,20,C,Ramp,4,C/min,200,C,Hold,0.25,hr,200,C,Ramp,4,C/min,880,C,Hold,2,hr,880,C,Ramp,4,C/min,300,C,Ramp,50,C/min,1,C,End,,,,,,,,,,,,,,,,,,,,,,,,,,,,,,,,,,,,,,,,,,,,,,,,,,,,,,,,,,,,,,,,,,,,,,,,,,
230428TA2,EXP_H_221219_CV1_CVFP_A1,T1,2,Hold,10,sec,160,C,Ramp,4,C/min,200,C,Hold,0.25,hr,200,C,Ramp,4,C/min,920,C,Hold,2,hr,920,C,Ramp,4,C/min,400,C,Ramp,50,C/min,1,C,End,,,,,,,,,,,,,,,,,,,,,,,,,,,,,,,,,,,,,,,,,,,,,,,,,,,,,,,,,,,,,,,,,,,,,,,,,,
230428TA2,EXP_H_221219_CV1_CVFP_A1,T2,2,Hold,10,sec,160,C,Ramp,4,C/min,200,C,Hold,0.25,hr,200,C,Ramp,4,C/min,920,C,Hold,2,hr,920,C,Ramp,4,C/min,400,C,Ramp,50,C/min,1,C,End,,,,,,,,,,,,,,,,,,,,,,,,,,,,,,,,,,,,,,,,,,,,,,,,,,,,,,,,,,,,,,,,,,,,,,,,,,
230428TB2,EXP_H_221219_CV1_CVFP_A2,T1,2,Hold,10,sec,160,C,Ramp,4,C/min,200,C,Hold,0.25,hr,200,C,Ramp,4,C/min,880,C,Hold,2,hr,880,C,Ramp,4,C/min,300,C,Ramp,50,C/min,1,C,End,,,,,,,,,,,,,,,,,,,,,,,,,,,,,,,,,,,,,,,,,,,,,,,,,,,,,,,,,,,,,,,,,,,,,,,,,,
230427P,EXP_H_230217_CV2_A1,T2,3,Hold,10,sec,20,C,Ramp,2,C/min,600,C,Hold,48,hr,600,C,Ramp,2,C/min,0,C,End,,,,,,,,,,,,,,,,,,,,,,,,,,,,,,,,,,,,,,,,,,,,,,,,,,,,,,,,,,,,,,,,,,,,,,,,,,,,,,,,,,,,,,,,,
230427P,EXP_H_230217_CV2_A1,B1,3,Hold,10,sec,20,C,Ramp,2,C/min,600,C,Hold,48,hr,600,C,Ramp,2,C/min,0,C,End,,,,,,,,,,,,,,,,,,,,,,,,,,,,,,,,,,,,,,,,,,,,,,,,,,,,,,,,,,,,,,,,,,,,,,,,,,,,,,,,,,,,,,,,,
230427P,EXP_H_230217_CV2_A1,B2,3,Hold,10,sec,20,C,Ramp,2,C/min,600,C,Hold,48,hr,600,C,Ramp,2,C/min,0,C,End,,,,,,,,,,,,,,,,,,,,,,,,,,,,,,,,,,,,,,,,,,,,,,,,,,,,,,,,,,,,,,,,,,,,,,,,,,,,,,,,,,,,,,,,,
230502M,EXP_H_230310_CV2_A1,T2,3,Hold,10,sec,20,C,Ramp,2,C/min,300,C,Hold,12,hr,300,C,Ramp,2,C/min,400,C,Hold,12,hr,400,C,Ramp,2,C/min,500,C,Hold,12,hr,500,C,Ramp,2,C/min,0,C,End,,,,,,,,,,,,,,,,,,,,,,,,,,,,,,,,,,,,,,,,,,,,,,,,,,,,,,,,,,,,,,,,,,,,,
230502M,EXP_H_230310_CV2_A1,B1,3,Hold,10,sec,20,C,Ramp,2,C/min,300,C,Hold,12,hr,300,C,Ramp,2,C/min,400,C,Hold,12,hr,400,C,Ramp,2,C/min,500,C,Hold,12,hr,500,C,Ramp,2,C/min,0,C,End,,,,,,,,,,,,,,,,,,,,,,,,,,,,,,,,,,,,,,,,,,,,,,,,,,,,,,,,,,,,,,,,,,,,,
230502TC,EXP_H_221219_CV1_CVFP_A1,T1,2,Hold,10,sec,20,C,Ramp,4,C/min,600,C,Hold,0.5,hr,600,C,Ramp,4,C/min,800,C,Hold,0.5,hr,800,C,,,,,,,,,,,,,,,,,,,,,,,,,,,,,,,,,,,,,,,,,,,,,,,,,,,,,,,,,,,,,,,,,,,,,,,,,,,,,,,,,,,,,
230502TC,EXP_H_221219_CV1_CVFP_A1,T2,2,Hold,10,sec,20,C,Ramp,4,C/min,600,C,Hold,0.5,hr,600,C,Ramp,4,C/min,800,C,Hold,0.5,hr,800,C,,,,,,,,,,,,,,,,,,,,,,,,,,,,,,,,,,,,,,,,,,,,,,,,,,,,,,,,,,,,,,,,,,,,,,,,,,,,,,,,,,,,,
230502TD,EXP_H_221219_CV1_CVFP_A2,T1,2,Hold,10,sec,20,C,Ramp,4,C/min,600,C,Hold,0.5,hr,600,C,Ramp,4,C/min,800,C,Hold,0.5,hr,800,C,Ramp,4,C/min,1000,C,Hold,16,hr,1000,C,Ramp,4,C/min,350,C,Ramp,50,C/min,1,C,End,,,,,,,,,,,,,,,,,,,,,,,,,,,,,,,,,,,,,,,,,,,,,,,,,,,,,,,,,,,,,,,,
230505TE,EXP_H_221219_CV1_CVFP_A1,T1,2,Hold,10,sec,20,C,Ramp,4,C/min,750,C,Hold,0.5,hr,750,C,Ramp,4,C/min,1000,C,Hold,16,hr,1000,C,Ramp,4,C/min,400,C,Ramp,50,C/min,1,C,End,,,,,,,,,,,,,,,,,,,,,,,,,,,,,,,,,,,,,,,,,,,,,,,,,,,,,,,,,,,,,,,,,,,,,,,,,,
230505TE,EXP_H_221219_CV1_CVFP_A1,T2,2,Hold,10,sec,20,C,Ramp,4,C/min,750,C,Hold,0.5,hr,750,C,Ramp,4,C/min,1000,C,Hold,16,hr,1000,C,Ramp,4,C/min,400,C,Ramp,50,C/min,1,C,End,,,,,,,,,,,,,,,,,,,,,,,,,,,,,,,,,,,,,,,,,,,,,,,,,,,,,,,,,,,,,,,,,,,,,,,,,,
230505TA,EXP_H_221219_CV1_CVFP_A2,T1,2,Hold,10,sec,20,C,Ramp,4,C/min,200,C,Hold,0.5,hr,200,C,Ramp,4,C/min,870,C,Hold,1,hr,870,C,Ramp,4,C/min,300,C,Ramp,50,C/min,1,C,End,,,,,,,,,,,,,,,,,,,,,,,,,,,,,,,,,,,,,,,,,,,,,,,,,,,,,,,,,,,,,,,,,,,,,,,,,,
230505M,EXP_H_230310_CV2_A1,T2,3,Hold,10,sec,20,C,Ramp,2,C/min,300,C,Hold,12,hr,300,C,Ramp,2,C/min,400,C,Hold,12,hr,400,C,Ramp,2,C/min,500,C,Hold,12,hr,500,C,Ramp,2,C/min,0,C,End,,,,,,,,,,,,,,,,,,,,,,,,,,,,,,,,,,,,,,,,,,,,,,,,,,,,,,,,,,,,,,,,,,,,,
230505M,EXP_H_230310_CV2_A1,B1,3,Hold,10,sec,20,C,Ramp,2,C/min,300,C,Hold,12,hr,300,C,Ramp,2,C/min,400,C,Hold,12,hr,400,C,Ramp,2,C/min,500,C,Hold,12,hr,500,C,Ramp,2,C/min,0,C,End,,,,,,,,,,,,,,,,,,,,,,,,,,,,,,,,,,,,,,,,,,,,,,,,,,,,,,,,,,,,,,,,,,,,,
230504R,EXP_H_230310_CV2_A2,T2,3,Hold,10,sec,20,C,Ramp,2,C/min,600,C,Hold,48,hr,600,C,Ramp,2,C/min,0,C,End,,,,,,,,,,,,,,,,,,,,,,,,,,,,,,,,,,,,,,,,,,,,,,,,,,,,,,,,,,,,,,,,,,,,,,,,,,,,,,,,,,,,,,,,,
230504R,EXP_H_230310_CV2_A2,B1,3,Hold,10,sec,20,C,Ramp,2,C/min,600,C,Hold,48,hr,600,C,Ramp,2,C/min,0,C,End,,,,,,,,,,,,,,,,,,,,,,,,,,,,,,,,,,,,,,,,,,,,,,,,,,,,,,,,,,,,,,,,,,,,,,,,,,,,,,,,,,,,,,,,,
230504R,EXP_H_230310_CV2_A2,B2,3,Hold,10,sec,20,C,Ramp,2,C/min,600,C,Hold,48,hr,600,C,Ramp,2,C/min,0,C,End,,,,,,,,,,,,,,,,,,,,,,,,,,,,,,,,,,,,,,,,,,,,,,,,,,,,,,,,,,,,,,,,,,,,,,,,,,,,,,,,,,,,,,,,,
230512M,EXP_H_230310_CV2_A1,T2,3,Hold,10,sec,20,C,Ramp,2,C/min,300,C,Hold,12,hr,300,C,Ramp,2,C/min,400,C,Hold,12,hr,400,C,Ramp,2,C/min,500,C,Hold,12,hr,500,C,Ramp,2,C/min,600,C,Hold,12,hr,600,C,Ramp,2,C/min,0,C,End,,,,,,,,,,,,,,,,,,,,,,,,,,,,,,,,,,,,,,,,,,,,,,,,,,,,,,,,,,,
230512M,EXP_H_230310_CV2_A1,B1,3,Hold,10,sec,20,C,Ramp,2,C/min,300,C,Hold,12,hr,300,C,Ramp,2,C/min,400,C,Hold,12,hr,400,C,Ramp,2,C/min,500,C,Hold,12,hr,500,C,Ramp,2,C/min,600,C,Hold,12,hr,600,C,Ramp,2,C/min,0,C,End,,,,,,,,,,,,,,,,,,,,,,,,,,,,,,,,,,,,,,,,,,,,,,,,,,,,,,,,,,,
230511Q,EXP_H_230310_CV2_A2,T2,3,Hold,10,sec,20,C,Ramp,2,C/min,600,C,Hold,48,hr,600,C,Ramp,2,C/min,0,C,End,,,,,,,,,,,,,,,,,,,,,,,,,,,,,,,,,,,,,,,,,,,,,,,,,,,,,,,,,,,,,,,,,,,,,,,,,,,,,,,,,,,,,,,,,
230511Q,EXP_H_230310_CV2_A2,B1,3,Hold,10,sec,20,C,Ramp,2,C/min,600,C,Hold,48,hr,600,C,Ramp,2,C/min,0,C,End,,,,,,,,,,,,,,,,,,,,,,,,,,,,,,,,,,,,,,,,,,,,,,,,,,,,,,,,,,,,,,,,,,,,,,,,,,,,,,,,,,,,,,,,,
230511Q,EXP_H_230310_CV2_A2,B2,3,Hold,10,sec,20,C,Ramp,2,C/min,600,C,Hold,48,hr,600,C,Ramp,2,C/min,0,C,End,,,,,,,,,,,,,,,,,,,,,,,,,,,,,,,,,,,,,,,,,,,,,,,,,,,,,,,,,,,,,,,,,,,,,,,,,,,,,,,,,,,,,,,,,
230512Mb,EXP_H_230310_CV2_A1,T2,3,Hold,10,sec,600,C,Ramp,2,C/min,0,C,End,,,,,,,,,,,,,,,,,,,,,,,,,,,,,,,,,,,,,,,,,,,,,,,,,,,,,,,,,,,,,,,,,,,,,,,,,,,,,,,,,,,,,,,,,,,,,,,,,,,
230512Mb,EXP_H_230310_CV2_A1,B1,3,Hold,10,sec,600,C,Ramp,2,C/min,0,C,End,,,,,,,,,,,,,,,,,,,,,,,,,,,,,,,,,,,,,,,,,,,,,,,,,,,,,,,,,,,,,,,,,,,,,,,,,,,,,,,,,,,,,,,,,,,,,,,,,,,
230515R,EXP_H_230310_CV2_A2,T2,3,Hold,10,sec,20,C,Ramp,2,C/min,450,C,Hold,48,hr,450,C,Ramp,2,C/min,0,C,End,,,,,,,,,,,,,,,,,,,,,,,,,,,,,,,,,,,,,,,,,,,,,,,,,,,,,,,,,,,,,,,,,,,,,,,,,,,,,,,,,,,,,,,,,
230515R,EXP_H_230310_CV2_A2,B1,3,Hold,10,sec,20,C,Ramp,2,C/min,450,C,Hold,48,hr,450,C,Ramp,2,C/min,0,C,End,,,,,,,,,,,,,,,,,,,,,,,,,,,,,,,,,,,,,,,,,,,,,,,,,,,,,,,,,,,,,,,,,,,,,,,,,,,,,,,,,,,,,,,,,
230515R,EXP_H_230310_CV2_A2,B2,3,Hold,10,sec,20,C,Ramp,2,C/min,450,C,Hold,48,hr,450,C,Ramp,2,C/min,0,C,End,,,,,,,,,,,,,,,,,,,,,,,,,,,,,,,,,,,,,,,,,,,,,,,,,,,,,,,,,,,,,,,,,,,,,,,,,,,,,,,,,,,,,,,,,
230515P,EXP_H_230217_CV2_A1,T2,3,Hold,10,sec,20,C,Ramp,2,C/min,450,C,Hold,48,hr,450,C,Ramp,2,C/min,0,C,End,,,,,,,,,,,,,,,,,,,,,,,,,,,,,,,,,,,,,,,,,,,,,,,,,,,,,,,,,,,,,,,,,,,,,,,,,,,,,,,,,,,,,,,,,
230515P,EXP_H_230217_CV2_A1,B1,3,Hold,10,sec,20,C,Ramp,2,C/min,450,C,Hold,48,hr,450,C,Ramp,2,C/min,0,C,End,,,,,,,,,,,,,,,,,,,,,,,,,,,,,,,,,,,,,,,,,,,,,,,,,,,,,,,,,,,,,,,,,,,,,,,,,,,,,,,,,,,,,,,,,
230515P,EXP_H_230217_CV2_A1,B2,3,Hold,10,sec,20,C,Ramp,2,C/min,450,C,Hold,48,hr,450,C,Ramp,2,C/min,0,C,End,,,,,,,,,,,,,,,,,,,,,,,,,,,,,,,,,,,,,,,,,,,,,,,,,,,,,,,,,,,,,,,,,,,,,,,,,,,,,,,,,,,,,,,,,
230517TA,EXP_H_221219_CV1_CVFP_A1,T1,2,Hold,10,sec,20,C,Ramp,4,C/min,200,C,Hold,0.5,hr,200,C,Ramp,4,C/min,920,C,Hold,1,hr,920,C,Ramp,4,C/min,400,C,Ramp,50,C/min,1,C,End,,,,,,,,,,,,,,,,,,,,,,,,,,,,,,,,,,,,,,,,,,,,,,,,,,,,,,,,,,,,,,,,,,,,,,,,,,
230517TA,EXP_H_221219_CV1_CVFP_A1,T2,2,Hold,10,sec,20,C,Ramp,4,C/min,200,C,Hold,0.5,hr,200,C,Ramp,4,C/min,920,C,Hold,1,hr,920,C,Ramp,4,C/min,400,C,Ramp,50,C/min,1,C,End,,,,,,,,,,,,,,,,,,,,,,,,,,,,,,,,,,,,,,,,,,,,,,,,,,,,,,,,,,,,,,,,,,,,,,,,,,
230517TB,EXP_H_221219_CV1_CVFP_A2,T1,2,Hold,10,sec,20,C,Ramp,4,C/min,200,C,Hold,0.5,hr,200,C,Ramp,4,C/min,880,C,Hold,2,hr,880,C,Ramp,4,C/min,300,C,Ramp,50,C/min,1,C,End,,,,,,,,,,,,,,,,,,,,,,,,,,,,,,,,,,,,,,,,,,,,,,,,,,,,,,,,,,,,,,,,,,,,,,,,,,
230519M,EXP_H_230310_CV2_A2,T2,3,Hold,10,sec,20,C,Ramp,2,C/min,500,C,Hold,48,hr,500,C,Ramp,2,C/min,0,C,End,,,,,,,,,,,,,,,,,,,,,,,,,,,,,,,,,,,,,,,,,,,,,,,,,,,,,,,,,,,,,,,,,,,,,,,,,,,,,,,,,,,,,,,,,
230519M,EXP_H_230310_CV2_A2,B1,3,Hold,10,sec,20,C,Ramp,2,C/min,500,C,Hold,48,hr,500,C,Ramp,2,C/min,0,C,End,,,,,,,,,,,,,,,,,,,,,,,,,,,,,,,,,,,,,,,,,,,,,,,,,,,,,,,,,,,,,,,,,,,,,,,,,,,,,,,,,,,,,,,,,
230519M,EXP_H_230310_CV2_A2,B2,3,Hold,10,sec,20,C,Ramp,2,C/min,500,C,Hold,48,hr,500,C,Ramp,2,C/min,0,C,End,,,,,,,,,,,,,,,,,,,,,,,,,,,,,,,,,,,,,,,,,,,,,,,,,,,,,,,,,,,,,,,,,,,,,,,,,,,,,,,,,,,,,,,,,
230519Q,EXP_H_230519_CV2_A1,T1,3,Hold,10,sec,20,C,Ramp,2,C/min,500,C,Hold,48,hr,500,C,Ramp,2,C/min,0,C,End,,,,,,,,,,,,,,,,,,,,,,,,,,,,,,,,,,,,,,,,,,,,,,,,,,,,,,,,,,,,,,,,,,,,,,,,,,,,,,,,,,,,,,,,,
230519Q,EXP_H_230519_CV2_A1,T2,3,Hold,10,sec,20,C,Ramp,2,C/min,500,C,Hold,48,hr,500,C,Ramp,2,C/min,0,C,End,,,,,,,,,,,,,,,,,,,,,,,,,,,,,,,,,,,,,,,,,,,,,,,,,,,,,,,,,,,,,,,,,,,,,,,,,,,,,,,,,,,,,,,,,
230519Q,EXP_H_230519_CV2_A1,B1,3,Hold,10,sec,20,C,Ramp,2,C/min,500,C,Hold,48,hr,500,C,Ramp,2,C/min,0,C,End,,,,,,,,,,,,,,,,,,,,,,,,,,,,,,,,,,,,,,,,,,,,,,,,,,,,,,,,,,,,,,,,,,,,,,,,,,,,,,,,,,,,,,,,,
230522R,EXP_H_230310_CV2_A2,T2,3,Hold,10,sec,20,C,Ramp,4,C/min,500,C,Hold,48,hr,500,C,Ramp,2,C/min,0,C,End,,,,,,,,,,,,,,,,,,,,,,,,,,,,,,,,,,,,,,,,,,,,,,,,,,,,,,,,,,,,,,,,,,,,,,,,,,,,,,,,,,,,,,,,,
230522R,EXP_H_230310_CV2_A2,B1,3,Hold,10,sec,20,C,Ramp,4,C/min,500,C,Hold,48,hr,500,C,Ramp,2,C/min,0,C,End,,,,,,,,,,,,,,,,,,,,,,,,,,,,,,,,,,,,,,,,,,,,,,,,,,,,,,,,,,,,,,,,,,,,,,,,,,,,,,,,,,,,,,,,,
230522R,EXP_H_230310_CV2_A2,B2,3,Hold,10,sec,20,C,Ramp,4,C/min,500,C,Hold,48,hr,500,C,Ramp,2,C/min,0,C,End,,,,,,,,,,,,,,,,,,,,,,,,,,,,,,,,,,,,,,,,,,,,,,,,,,,,,,,,,,,,,,,,,,,,,,,,,,,,,,,,,,,,,,,,,
230522P,EXP_H_230523_CV2_A1,T2,3,Hold,10,sec,20,C,Ramp,4,C/min,500,C,Hold,48,hr,500,C,Ramp,2,C/min,0,C,End,,,,,,,,,,,,,,,,,,,,,,,,,,,,,,,,,,,,,,,,,,,,,,,,,,,,,,,,,,,,,,,,,,,,,,,,,,,,,,,,,,,,,,,,,
230522P,EXP_H_230523_CV2_A1,B1,3,Hold,10,sec,20,C,Ramp,4,C/min,500,C,Hold,48,hr,500,C,Ramp,2,C/min,0,C,End,,,,,,,,,,,,,,,,,,,,,,,,,,,,,,,,,,,,,,,,,,,,,,,,,,,,,,,,,,,,,,,,,,,,,,,,,,,,,,,,,,,,,,,,,
230522P,EXP_H_230523_CV2_A1,B2,3,Hold,10,sec,20,C,Ramp,4,C/min,500,C,Hold,48,hr,500,C,Ramp,2,C/min,0,C,End,,,,,,,,,,,,,,,,,,,,,,,,,,,,,,,,,,,,,,,,,,,,,,,,,,,,,,,,,,,,,,,,,,,,,,,,,,,,,,,,,,,,,,,,,
230523TA,EXP_H_221219_CV1_CVFP_A1,T1,2,Hold,10,sec,20,C,Ramp,4,C/min,780,C,Hold,12,hr,780,C,Ramp,4,C/min,400,C,Ramp,50,C/min,1,C,End,,,,,,,,,,,,,,,,,,,,,,,,,,,,,,,,,,,,,,,,,,,,,,,,,,,,,,,,,,,,,,,,,,,,,,,,,,,,,,,,,,,,
230523TA,EXP_H_221219_CV1_CVFP_A1,T2,2,Hold,10,sec,20,C,Ramp,4,C/min,780,C,Hold,12,hr,780,C,Ramp,4,C/min,400,C,Ramp,50,C/min,1,C,End,,,,,,,,,,,,,,,,,,,,,,,,,,,,,,,,,,,,,,,,,,,,,,,,,,,,,,,,,,,,,,,,,,,,,,,,,,,,,,,,,,,,
230523TB,EXP_H_221219_CV1_CVFP_A2,T1,2,Hold,10,sec,20,C,Ramp,4,C/min,820,C,Hold,12,hr,820,C,Ramp,4,C/min,300,C,Ramp,50,C/min,1,C,End,,,,,,,,,,,,,,,,,,,,,,,,,,,,,,,,,,,,,,,,,,,,,,,,,,,,,,,,,,,,,,,,,,,,,,,,,,,,,,,,,,,,
230525TA,EXP_H_221219_CV1_CVFP_A1,T1,2,Hold,10,sec,20,C,Ramp,4,C/min,870,C,Hold,2,hr,870,C,Ramp,4,C/min,400,C,Ramp,50,C/min,1,C,End,,,,,,,,,,,,,,,,,,,,,,,,,,,,,,,,,,,,,,,,,,,,,,,,,,,,,,,,,,,,,,,,,,,,,,,,,,,,,,,,,,,,
230525TA,EXP_H_221219_CV1_CVFP_A1,T2,2,Hold,10,sec,20,C,Ramp,4,C/min,870,C,Hold,2,hr,870,C,Ramp,4,C/min,400,C,Ramp,50,C/min,1,C,End,,,,,,,,,,,,,,,,,,,,,,,,,,,,,,,,,,,,,,,,,,,,,,,,,,,,,,,,,,,,,,,,,,,,,,,,,,,,,,,,,,,,
230525TB,EXP_H_221219_CV1_CVFP_A2,T1,2,Hold,10,sec,20,C,Ramp,4,C/min,860,C,Hold,2,hr,860,C,Ramp,4,C/min,300,C,Ramp,50,C/min,1,C,End,,,,,,,,,,,,,,,,,,,,,,,,,,,,,,,,,,,,,,,,,,,,,,,,,,,,,,,,,,,,,,,,,,,,,,,,,,,,,,,,,,,,
230527TC,EXP_H_221219_CV1_CVFP_A1,T1,2,Hold,10,sec,20,C,Ramp,4,C/min,800,C,Hold,12,hr,800,C,Ramp,4,C/min,400,C,Ramp,50,C/min,1,C,End,,,,,,,,,,,,,,,,,,,,,,,,,,,,,,,,,,,,,,,,,,,,,,,,,,,,,,,,,,,,,,,,,,,,,,,,,,,,,,,,,,,,
230527TC,EXP_H_221219_CV1_CVFP_A1,T2,2,Hold,10,sec,20,C,Ramp,4,C/min,800,C,Hold,12,hr,800,C,Ramp,4,C/min,400,C,Ramp,50,C/min,1,C,End,,,,,,,,,,,,,,,,,,,,,,,,,,,,,,,,,,,,,,,,,,,,,,,,,,,,,,,,,,,,,,,,,,,,,,,,,,,,,,,,,,,,
230527TD,EXP_H_221219_CV1_CVFP_A2,T1,2,Hold,10,sec,20,C,Ramp,4,C/min,710,C,Hold,12,hr,710,C,Ramp,4,C/min,300,C,Ramp,50,C/min,1,C,End,,,,,,,,,,,,,,,,,,,,,,,,,,,,,,,,,,,,,,,,,,,,,,,,,,,,,,,,,,,,,,,,,,,,,,,,,,,,,,,,,,,,
